{
  "fold": "fold4",
  "variant": "gating",
  "best_epoch": 42,
  "best_val_total_loss": 1.2644613076900613,
  "test_total_loss": 1.1866312643577313,
  "test_dir_loss": 0.4834966978122448,
  "test_reg_loss": 0.338295461802647,
  "test_ret_loss": 0.23629847374455681,
  "test_dir_acc": 0.41810344827586204,
  "test_reg_acc": 0.8448275862068966,
  "test_num_samples": 232,
  "test_pred_rows": 232,
  "latent_rows_train": 1239,
  "latent_rows_val": 233,
  "latent_rows_test": 233,
  "latent_rows_all": 1705
}