{
  "fold": "fold4",
  "variant": "gating",
  "best_epoch": 87,
  "best_val_total_loss": 0.3824563643027996,
  "test_total_loss": 0.3520643978283323,
  "test_dir_loss": 0.10429222496419117,
  "test_reg_loss": 0.31976291845584737,
  "test_ret_loss": 0.23775529501766995,
  "test_dir_acc": 0.6508620689655172,
  "test_reg_acc": 0.8146551724137931,
  "test_num_samples": 232,
  "test_pred_rows": 232,
  "latent_rows_train": 1239,
  "latent_rows_val": 233,
  "latent_rows_test": 233,
  "latent_rows_all": 1705
}