{
  "fold": "fold4",
  "variant": "gating",
  "best_epoch": 69,
  "best_val_total_loss": -0.01102584883056838,
  "test_total_loss": -0.007543798664520527,
  "test_dir_loss": -0.04141685572163812,
  "test_reg_loss": 0.2509663659308491,
  "test_dir_acc": 0.6939655172413793,
  "test_reg_acc": 0.8793103448275862,
  "test_num_samples": 232,
  "test_pred_rows": 232,
  "latent_rows_train": 1239,
  "latent_rows_val": 233,
  "latent_rows_test": 233,
  "latent_rows_all": 1705
}