{
  "fold": "fold4",
  "variant": "gating",
  "best_epoch": 50,
  "best_val_total_loss": 1.5490817694828427,
  "test_total_loss": 1.4928118483773594,
  "test_dir_loss": 0.6804435684763152,
  "test_reg_loss": 0.439749027120656,
  "test_dir_acc": 0.6939655172413793,
  "test_reg_acc": 0.7887931034482759,
  "test_num_samples": 232,
  "test_pred_rows": 232,
  "latent_rows_train": 1239,
  "latent_rows_val": 233,
  "latent_rows_test": 233,
  "latent_rows_all": 1705
}