{
  "fold": "fold4",
  "variant": "gating",
  "best_epoch": 77,
  "best_val_total_loss": 1.7521856159999454,
  "test_total_loss": 1.6431318480392982,
  "test_dir_loss": 0.7701178049219066,
  "test_reg_loss": 0.34298733287844163,
  "test_dir_acc": 0.6551724137931034,
  "test_reg_acc": 0.8448275862068966,
  "test_num_samples": 232,
  "test_pred_rows": 232,
  "latent_rows_train": 1239,
  "latent_rows_val": 233,
  "latent_rows_test": 233,
  "latent_rows_all": 1705
}