{
  "fold": "fold4",
  "variant": "gating",
  "best_epoch": 100,
  "best_val_total_loss": 1.1507856804749061,
  "test_total_loss": 1.3095964255004093,
  "test_dir_loss": 1.0802673265851777,
  "test_reg_loss": 0.6977003298956772,
  "test_ret_loss": 0.2392079557838111,
  "test_dir_acc": 0.40948275862068967,
  "test_reg_acc": 0.7370689655172413,
  "test_num_samples": 232,
  "latent_rows_train": 1239,
  "latent_rows_val": 233,
  "latent_rows_test": 233,
  "latent_rows_all": 1705
}