{
  "fold": "fold4",
  "variant": "gating",
  "best_epoch": 100,
  "best_val_total_loss": 1.0231050211807777,
  "test_total_loss": 0.965105574706505,
  "test_dir_loss": 0.4546832863626809,
  "test_reg_loss": 0.558278167042239,
  "test_ret_loss": 0.23119431631318454,
  "test_dir_acc": 0.521551724137931,
  "test_reg_acc": 0.7456896551724138,
  "test_num_samples": 232,
  "test_pred_rows": 232,
  "latent_rows_train": 1239,
  "latent_rows_val": 233,
  "latent_rows_test": 233,
  "latent_rows_all": 1705
}