{
  "fold": "fold2",
  "variant": "gating",
  "best_epoch": 10,
  "best_val_total_loss": 1.6133561380978287,
  "test_total_loss": 1.5437088423761829,
  "test_dir_loss": 0.7563696974202206,
  "test_reg_loss": 0.4043099777451877,
  "test_dir_acc": 0.6578947368421053,
  "test_reg_acc": 0.9181034482758621,
  "test_num_samples": 232,
  "dir_label_mode": "vol_threshold",
  "dir_vol_k": 1.5,
  "dir_vol_col": "rolling_vol_20",
  "dir_ignore_index": -1,
  "val_pred_rows": 232,
  "test_pred_rows": 232,
  "val_dir_event_count": 27.0,
  "val_dir_coverage": 0.11637931034482758,
  "val_dir_acc_event": 0.48148148148148145,
  "val_dir_mae_event": 0.5185185185185185,
  "val_dir_up_rate_event": 0.5555555555555556,
  "val_dir_pred_up_rate_event": 0.7777777777777778,
  "val_dir_majority_acc_event": 0.5555555555555556,
  "val_dir_acc_minus_majority_event": -0.07407407407407413,
  "test_dir_event_count": 38.0,
  "test_dir_coverage": 0.16379310344827586,
  "test_dir_acc_event": 0.6578947368421053,
  "test_dir_mae_event": 0.34210526315789475,
  "test_dir_up_rate_event": 0.39473684210526316,
  "test_dir_pred_up_rate_event": 0.5789473684210527,
  "test_dir_majority_acc_event": 0.6052631578947368,
  "test_dir_acc_minus_majority_event": 0.052631578947368474,
  "latent_rows_train": 1240,
  "latent_rows_val": 233,
  "latent_rows_test": 233,
  "latent_rows_all": 1706
}