{
  "fold": "fold6",
  "variant": "gating",
  "best_epoch": 1,
  "best_val_total_loss": 0.7641865786535915,
  "test_total_loss": 2.8379836392093014,
  "test_dir_loss": 1.1516426470544603,
  "test_reg_loss": 2.4009048980035823,
  "test_dir_acc": 0.3611111111111111,
  "test_reg_acc": 0.30303030303030304,
  "test_num_samples": 231,
  "dir_label_mode": "vol_threshold",
  "dir_vol_k": 1.5,
  "dir_vol_col": "rolling_vol_20",
  "dir_ignore_index": -1,
  "val_pred_rows": 231,
  "test_pred_rows": 231,
  "val_dir_event_count": 29.0,
  "val_dir_coverage": 0.12554112554112554,
  "val_dir_acc_event": 0.896551724137931,
  "val_dir_mae_event": 0.10344827586206896,
  "val_dir_up_rate_event": 0.896551724137931,
  "val_dir_pred_up_rate_event": 1.0,
  "val_dir_majority_acc_event": 0.896551724137931,
  "val_dir_acc_minus_majority_event": 0.0,
  "test_dir_event_count": 36.0,
  "test_dir_coverage": 0.15584415584415584,
  "test_dir_acc_event": 0.3611111111111111,
  "test_dir_mae_event": 0.6388888888888888,
  "test_dir_up_rate_event": 0.3055555555555556,
  "test_dir_pred_up_rate_event": 0.9444444444444444,
  "test_dir_majority_acc_event": 0.6944444444444444,
  "test_dir_acc_minus_majority_event": -0.3333333333333333,
  "latent_rows_train": 1239,
  "latent_rows_val": 232,
  "latent_rows_test": 232,
  "latent_rows_all": 1703
}