{
  "fold": "fold2",
  "variant": "gating",
  "best_epoch": 9,
  "best_val_total_loss": 1.6536285486714593,
  "test_total_loss": 1.6251012292401543,
  "test_dir_loss": 0.7524034282932542,
  "test_reg_loss": 0.3664570532996079,
  "test_dir_acc": 0.547945205479452,
  "test_reg_acc": 0.9181034482758621,
  "test_num_samples": 232,
  "dir_label_mode": "vol_threshold",
  "dir_vol_k": 1.0,
  "dir_vol_col": "rolling_vol_20",
  "dir_ignore_index": -1,
  "val_pred_rows": 232,
  "test_pred_rows": 232,
  "val_dir_event_count": 75.0,
  "val_dir_coverage": 0.3232758620689655,
  "val_dir_acc_event": 0.6133333333333333,
  "val_dir_mae_event": 0.38666666666666666,
  "val_dir_up_rate_event": 0.6933333333333334,
  "val_dir_pred_up_rate_event": 0.8666666666666667,
  "val_dir_majority_acc_event": 0.6933333333333334,
  "val_dir_acc_minus_majority_event": -0.08000000000000007,
  "test_dir_event_count": 73.0,
  "test_dir_coverage": 0.3146551724137931,
  "test_dir_acc_event": 0.547945205479452,
  "test_dir_mae_event": 0.4520547945205479,
  "test_dir_up_rate_event": 0.589041095890411,
  "test_dir_pred_up_rate_event": 0.9041095890410958,
  "test_dir_majority_acc_event": 0.589041095890411,
  "test_dir_acc_minus_majority_event": -0.04109589041095896,
  "latent_rows_train": 1240,
  "latent_rows_val": 233,
  "latent_rows_test": 233,
  "latent_rows_all": 1706
}