{
  "fold": "fold1",
  "variant": "no_sentiment",
  "best_epoch": 27,
  "best_val_total_loss": 0.027854367896266604,
  "test_total_loss": 0.04658349153810534,
  "test_dir_loss": 0.820023355812862,
  "test_reg_loss": 0.04658349153810534,
  "test_dir_acc": 0.4267241379310345,
  "test_reg_acc": 0.9913793103448276,
  "test_num_samples": 232,
  "test_pred_rows": 232,
  "latent_rows_train": 1241,
  "latent_rows_val": 231,
  "latent_rows_test": 233,
  "latent_rows_all": 1705
}