{
  "fold": "fold8",
  "variant": "no_sentiment",
  "best_epoch": 93,
  "best_val_total_loss": 1.622809755391088,
  "test_total_loss": 1.8187678896862527,
  "test_dir_loss": 0.8449710737104001,
  "test_reg_loss": 0.4294191125942313,
  "test_dir_acc": 0.3695652173913043,
  "test_reg_acc": 0.8260869565217391,
  "test_num_samples": 92,
  "test_pred_rows": 92,
  "latent_rows_train": 1239,
  "latent_rows_val": 233,
  "latent_rows_test": 93,
  "latent_rows_all": 1565
}