{
  "fold": "fold8",
  "variant": "no_sentiment",
  "best_epoch": 89,
  "best_val_total_loss": 0.07201435956461676,
  "test_total_loss": 0.3325744478598885,
  "test_dir_loss": 0.13837897518406744,
  "test_reg_loss": 0.18605500621640164,
  "test_dir_acc": 0.45652173913043476,
  "test_reg_acc": 0.9130434782608695,
  "test_num_samples": 92,
  "test_pred_rows": 92,
  "latent_rows_train": 1239,
  "latent_rows_val": 233,
  "latent_rows_test": 93,
  "latent_rows_all": 1565
}