{
  "fold": "fold8",
  "variant": "no_sentiment",
  "best_epoch": 87,
  "best_val_total_loss": 1.7652782571726833,
  "test_total_loss": 2.209329843521118,
  "test_dir_loss": 1.0606545313544895,
  "test_reg_loss": 0.2934028577545415,
  "test_dir_acc": 0.40217391304347827,
  "test_reg_acc": 0.8586956521739131,
  "test_num_samples": 92,
  "test_pred_rows": 92,
  "latent_rows_train": 1239,
  "latent_rows_val": 233,
  "latent_rows_test": 93,
  "latent_rows_all": 1565
}