{
  "fold": "fold7",
  "variant": "gating",
  "best_epoch": 35,
  "best_val_total_loss": 2.1521788592978472,
  "test_total_loss": 3.03306467368685,
  "test_dir_loss": 1.4603309954958732,
  "test_reg_loss": 0.8432726454118202,
  "test_dir_acc": 0.26262626262626265,
  "test_reg_acc": 0.6163793103448276,
  "test_num_samples": 232,
  "dir_label_mode": "vol_threshold",
  "dir_vol_k": 0.75,
  "dir_vol_col": "rolling_vol_20",
  "dir_ignore_index": -1,
  "val_pred_rows": 231,
  "test_pred_rows": 232,
  "val_dir_event_count": 186.0,
  "val_dir_coverage": 0.8051948051948052,
  "val_dir_acc_event": 0.5645161290322581,
  "val_dir_mae_event": 0.43548387096774194,
  "val_dir_up_rate_event": 0.6182795698924731,
  "val_dir_pred_up_rate_event": 0.7956989247311828,
  "val_dir_majority_acc_event": 0.6182795698924731,
  "val_dir_acc_minus_majority_event": -0.053763440860215006,
  "test_dir_event_count": 198.0,
  "test_dir_coverage": 0.853448275862069,
  "test_dir_acc_event": 0.26262626262626265,
  "test_dir_mae_event": 0.7373737373737373,
  "test_dir_up_rate_event": 0.7575757575757576,
  "test_dir_pred_up_rate_event": 0.42424242424242425,
  "test_dir_majority_acc_event": 0.7575757575757576,
  "test_dir_acc_minus_majority_event": -0.4949494949494949,
  "latent_rows_train": 1240,
  "latent_rows_val": 232,
  "latent_rows_test": 233,
  "latent_rows_all": 1705
}