{
  "fold": "fold4",
  "variant": "gating",
  "best_epoch": 42,
  "best_val_total_loss": 1.580754777480816,
  "test_total_loss": 1.581047563717283,
  "test_dir_loss": 0.661922683638911,
  "test_reg_loss": 0.7489696237547644,
  "test_dir_acc": 0.6129032258064516,
  "test_reg_acc": 0.7068965517241379,
  "test_num_samples": 232,
  "dir_label_mode": "vol_threshold",
  "dir_vol_k": 1.0,
  "dir_vol_col": "rolling_vol_20",
  "dir_ignore_index": -1,
  "val_pred_rows": 232,
  "test_pred_rows": 232,
  "val_dir_event_count": 51.0,
  "val_dir_coverage": 0.21982758620689655,
  "val_dir_acc_event": 0.5882352941176471,
  "val_dir_mae_event": 0.4117647058823529,
  "val_dir_up_rate_event": 0.45098039215686275,
  "val_dir_pred_up_rate_event": 0.6274509803921569,
  "val_dir_majority_acc_event": 0.5490196078431373,
  "val_dir_acc_minus_majority_event": 0.039215686274509776,
  "test_dir_event_count": 62.0,
  "test_dir_coverage": 0.2672413793103448,
  "test_dir_acc_event": 0.6129032258064516,
  "test_dir_mae_event": 0.3870967741935484,
  "test_dir_up_rate_event": 0.6612903225806451,
  "test_dir_pred_up_rate_event": 0.5645161290322581,
  "test_dir_majority_acc_event": 0.6612903225806451,
  "test_dir_acc_minus_majority_event": -0.048387096774193505,
  "latent_rows_train": 1239,
  "latent_rows_val": 233,
  "latent_rows_test": 233,
  "latent_rows_all": 1705
}