{
  "fold": "fold5",
  "variant": "no_gating",
  "best_epoch": 88,
  "best_val_total_loss": -0.018160085611302276,
  "test_total_loss": -0.0169038719203307,
  "test_dir_loss": -0.013827653480814649,
  "test_reg_loss": 0.03583811343248401,
  "test_dir_acc": 0.341991341991342,
  "test_reg_acc": 0.9913419913419913,
  "test_num_samples": 231,
  "test_pred_rows": 231,
  "latent_rows_train": 1239,
  "latent_rows_val": 233,
  "latent_rows_test": 232,
  "latent_rows_all": 1704
}