{
  "fold": "fold5",
  "variant": "no_gating",
  "best_epoch": 70,
  "best_val_total_loss": 1.5124122356546337,
  "test_total_loss": 2.214906527366473,
  "test_dir_loss": 1.1016039626422898,
  "test_reg_loss": 0.03899531440559404,
  "test_dir_acc": 0.341991341991342,
  "test_reg_acc": 0.9826839826839827,
  "test_num_samples": 231,
  "test_pred_rows": 231,
  "latent_rows_train": 1239,
  "latent_rows_val": 233,
  "latent_rows_test": 232,
  "latent_rows_all": 1704
}