{
  "fold": "fold5",
  "variant": "no_gating",
  "best_epoch": 44,
  "best_val_total_loss": 1.1632535210971175,
  "test_total_loss": 1.0289527391974544,
  "test_dir_loss": 0.4368275649103767,
  "test_reg_loss": 0.31882464326111787,
  "test_ret_loss": 0.11930039196045368,
  "test_dir_acc": 0.5930735930735931,
  "test_reg_acc": 0.8787878787878788,
  "test_num_samples": 231,
  "test_pred_rows": 231,
  "latent_rows_train": 1239,
  "latent_rows_val": 233,
  "latent_rows_test": 232,
  "latent_rows_all": 1704
}