{
  "fold": "fold5",
  "variant": "no_gating",
  "best_epoch": 47,
  "best_val_total_loss": 0.9684626480628704,
  "test_total_loss": 0.8841612612530266,
  "test_dir_loss": 1.0662769796528342,
  "test_reg_loss": 0.3209482741046262,
  "test_ret_loss": 0.10024833830791119,
  "test_dir_acc": 0.30303030303030304,
  "test_reg_acc": 0.9047619047619048,
  "test_num_samples": 231,
  "latent_rows_train": 1239,
  "latent_rows_val": 233,
  "latent_rows_test": 232,
  "latent_rows_all": 1704
}