{
  "fold": "fold5",
  "variant": "no_gating",
  "best_epoch": 83,
  "best_val_total_loss": 0.2732245809045331,
  "test_total_loss": 0.29780102885646736,
  "test_dir_loss": 0.12538374566928648,
  "test_reg_loss": 0.027585014039690877,
  "test_ret_loss": 0.1937902056938642,
  "test_dir_acc": 0.3246753246753247,
  "test_reg_acc": 0.9913419913419913,
  "test_num_samples": 231,
  "test_pred_rows": 231,
  "latent_rows_train": 1239,
  "latent_rows_val": 233,
  "latent_rows_test": 232,
  "latent_rows_all": 1704
}