{
  "fold": "fold5",
  "variant": "no_gating",
  "best_epoch": 71,
  "best_val_total_loss": 1.5101554023808446,
  "test_total_loss": 1.6889435852760877,
  "test_dir_loss": 0.82841544517707,
  "test_reg_loss": 0.10704226916035016,
  "test_dir_acc": 0.329004329004329,
  "test_reg_acc": 0.9783549783549783,
  "test_num_samples": 231,
  "test_pred_rows": 231,
  "latent_rows_train": 1239,
  "latent_rows_val": 233,
  "latent_rows_test": 232,
  "latent_rows_all": 1704
}