{
  "fold": "fold6",
  "variant": "gating",
  "best_epoch": 41,
  "best_val_total_loss": 1.3961725353678585,
  "test_total_loss": 1.9360121256345277,
  "test_dir_loss": 0.880365593773978,
  "test_reg_loss": 0.3784291248756473,
  "test_dir_acc": 0.41714285714285715,
  "test_reg_acc": 0.8701298701298701,
  "test_num_samples": 231,
  "dir_label_mode": "vol_threshold",
  "dir_vol_k": 0.75,
  "dir_vol_col": "rolling_vol_20",
  "dir_ignore_index": -1,
  "val_pred_rows": 231,
  "test_pred_rows": 231,
  "val_dir_event_count": 183.0,
  "val_dir_coverage": 0.7922077922077922,
  "val_dir_acc_event": 0.5355191256830601,
  "val_dir_mae_event": 0.4644808743169399,
  "val_dir_up_rate_event": 0.7814207650273224,
  "val_dir_pred_up_rate_event": 0.7213114754098361,
  "val_dir_majority_acc_event": 0.7814207650273224,
  "val_dir_acc_minus_majority_event": -0.24590163934426224,
  "test_dir_event_count": 175.0,
  "test_dir_coverage": 0.7575757575757576,
  "test_dir_acc_event": 0.41714285714285715,
  "test_dir_mae_event": 0.5828571428571429,
  "test_dir_up_rate_event": 0.5885714285714285,
  "test_dir_pred_up_rate_event": 0.36,
  "test_dir_majority_acc_event": 0.5885714285714285,
  "test_dir_acc_minus_majority_event": -0.17142857142857137,
  "latent_rows_train": 1239,
  "latent_rows_val": 232,
  "latent_rows_test": 232,
  "latent_rows_all": 1703
}