{
  "fold": "fold8",
  "variant": "no_gating",
  "best_epoch": 52,
  "best_val_total_loss": 1.1809639766298492,
  "test_total_loss": 2.186641470245693,
  "test_dir_loss": 0.4955010828764542,
  "test_reg_loss": 0.1480789048516232,
  "test_ret_loss": 2.3024313346199365,
  "test_dir_acc": 0.31521739130434784,
  "test_reg_acc": 0.9239130434782609,
  "test_num_samples": 92,
  "test_pred_rows": 92,
  "latent_rows_train": 1239,
  "latent_rows_val": 233,
  "latent_rows_test": 93,
  "latent_rows_all": 1565
}