{
  "fold": "fold3",
  "variant": "gating",
  "best_epoch": 48,
  "best_val_total_loss": 1.4507227642782803,
  "test_total_loss": 1.238224563927486,
  "test_dir_loss": 0.502603140744296,
  "test_reg_loss": 0.6741133311699177,
  "test_dir_acc": 0.8181818181818182,
  "test_reg_acc": 0.7025862068965517,
  "test_num_samples": 232,
  "dir_label_mode": "vol_threshold",
  "dir_vol_k": 1.25,
  "dir_vol_col": "rolling_vol_20",
  "dir_ignore_index": -1,
  "val_pred_rows": 232,
  "test_pred_rows": 232,
  "val_dir_event_count": 57.0,
  "val_dir_coverage": 0.24568965517241378,
  "val_dir_acc_event": 0.5263157894736842,
  "val_dir_mae_event": 0.47368421052631576,
  "val_dir_up_rate_event": 0.5614035087719298,
  "val_dir_pred_up_rate_event": 0.47368421052631576,
  "val_dir_majority_acc_event": 0.5614035087719298,
  "val_dir_acc_minus_majority_event": -0.03508771929824561,
  "test_dir_event_count": 33.0,
  "test_dir_coverage": 0.14224137931034483,
  "test_dir_acc_event": 0.8181818181818182,
  "test_dir_mae_event": 0.18181818181818182,
  "test_dir_up_rate_event": 0.45454545454545453,
  "test_dir_pred_up_rate_event": 0.5151515151515151,
  "test_dir_majority_acc_event": 0.5454545454545454,
  "test_dir_acc_minus_majority_event": 0.2727272727272728,
  "latent_rows_train": 1239,
  "latent_rows_val": 233,
  "latent_rows_test": 233,
  "latent_rows_all": 1705
}