{
  "fold": "fold2",
  "variant": "gating",
  "best_epoch": 9,
  "best_val_total_loss": 1.6035239305989495,
  "test_total_loss": 1.7297954066046353,
  "test_dir_loss": 0.8270416938025376,
  "test_reg_loss": 0.39004356902221154,
  "test_dir_acc": 0.5517241379310345,
  "test_reg_acc": 0.9310344827586207,
  "test_num_samples": 232,
  "dir_label_mode": "vol_threshold",
  "dir_vol_k": 1.25,
  "dir_vol_col": "rolling_vol_20",
  "dir_ignore_index": -1,
  "val_pred_rows": 232,
  "test_pred_rows": 232,
  "val_dir_event_count": 48.0,
  "val_dir_coverage": 0.20689655172413793,
  "val_dir_acc_event": 0.6666666666666666,
  "val_dir_mae_event": 0.3333333333333333,
  "val_dir_up_rate_event": 0.6666666666666666,
  "val_dir_pred_up_rate_event": 0.9166666666666666,
  "val_dir_majority_acc_event": 0.6666666666666666,
  "val_dir_acc_minus_majority_event": 0.0,
  "test_dir_event_count": 58.0,
  "test_dir_coverage": 0.25,
  "test_dir_acc_event": 0.5517241379310345,
  "test_dir_mae_event": 0.4482758620689655,
  "test_dir_up_rate_event": 0.5517241379310345,
  "test_dir_pred_up_rate_event": 1.0,
  "test_dir_majority_acc_event": 0.5517241379310345,
  "test_dir_acc_minus_majority_event": 0.0,
  "latent_rows_train": 1240,
  "latent_rows_val": 233,
  "latent_rows_test": 233,
  "latent_rows_all": 1706
}