{
  "fold": "fold8",
  "variant": "gating",
  "best_epoch": 53,
  "best_val_total_loss": 1.499488925111705,
  "test_total_loss": 1.7475039855293606,
  "test_dir_loss": 0.8116229979888253,
  "test_reg_loss": 0.4141932473234508,
  "test_dir_acc": 0.37681159420289856,
  "test_reg_acc": 0.8260869565217391,
  "test_num_samples": 92,
  "dir_label_mode": "vol_threshold",
  "dir_vol_k": 0.5,
  "dir_vol_col": "rolling_vol_20",
  "dir_ignore_index": -1,
  "val_pred_rows": 232,
  "test_pred_rows": 92,
  "val_dir_event_count": 200.0,
  "val_dir_coverage": 0.8620689655172413,
  "val_dir_acc_event": 0.625,
  "val_dir_mae_event": 0.375,
  "val_dir_up_rate_event": 0.69,
  "val_dir_pred_up_rate_event": 0.875,
  "val_dir_majority_acc_event": 0.69,
  "val_dir_acc_minus_majority_event": -0.06499999999999995,
  "test_dir_event_count": 69.0,
  "test_dir_coverage": 0.75,
  "test_dir_acc_event": 0.37681159420289856,
  "test_dir_mae_event": 0.6231884057971014,
  "test_dir_up_rate_event": 0.6231884057971014,
  "test_dir_pred_up_rate_event": 0.4927536231884058,
  "test_dir_majority_acc_event": 0.6231884057971014,
  "test_dir_acc_minus_majority_event": -0.24637681159420288,
  "latent_rows_train": 1239,
  "latent_rows_val": 233,
  "latent_rows_test": 93,
  "latent_rows_all": 1565
}