{
  "fold": "fold3",
  "variant": "gating",
  "best_epoch": 51,
  "best_val_total_loss": 1.115194189137426,
  "test_total_loss": 2.5247244917113205,
  "test_dir_loss": 1.1794670671224594,
  "test_reg_loss": 0.4637535440510717,
  "test_dir_acc": 0.5290697674418605,
  "test_reg_acc": 0.8103448275862069,
  "test_num_samples": 232,
  "dir_label_mode": "vol_threshold",
  "dir_vol_k": 0.75,
  "dir_vol_col": "rolling_vol_20",
  "dir_ignore_index": -1,
  "val_pred_rows": 232,
  "test_pred_rows": 232,
  "val_dir_event_count": 187.0,
  "val_dir_coverage": 0.8060344827586207,
  "val_dir_acc_event": 0.7165775401069518,
  "val_dir_mae_event": 0.28342245989304815,
  "val_dir_up_rate_event": 0.7165775401069518,
  "val_dir_pred_up_rate_event": 1.0,
  "val_dir_majority_acc_event": 0.7165775401069518,
  "val_dir_acc_minus_majority_event": 0.0,
  "test_dir_event_count": 172.0,
  "test_dir_coverage": 0.7413793103448276,
  "test_dir_acc_event": 0.5290697674418605,
  "test_dir_mae_event": 0.47093023255813954,
  "test_dir_up_rate_event": 0.5290697674418605,
  "test_dir_pred_up_rate_event": 1.0,
  "test_dir_majority_acc_event": 0.5290697674418605,
  "test_dir_acc_minus_majority_event": 0.0,
  "latent_rows_train": 1239,
  "latent_rows_val": 233,
  "latent_rows_test": 233,
  "latent_rows_all": 1705
}