{
  "fold": "fold2",
  "variant": "gating",
  "best_epoch": 25,
  "best_val_total_loss": 1.3594415763328815,
  "test_total_loss": 1.377257959596042,
  "test_dir_loss": 0.653668999671936,
  "test_reg_loss": 0.23711410113449755,
  "test_dir_acc": 0.6685714285714286,
  "test_reg_acc": 0.8706896551724138,
  "test_num_samples": 232,
  "dir_label_mode": "vol_threshold",
  "dir_vol_k": 0.75,
  "dir_vol_col": "rolling_vol_20",
  "dir_ignore_index": -1,
  "val_pred_rows": 232,
  "test_pred_rows": 232,
  "val_dir_event_count": 174.0,
  "val_dir_coverage": 0.75,
  "val_dir_acc_event": 0.7011494252873564,
  "val_dir_mae_event": 0.2988505747126437,
  "val_dir_up_rate_event": 0.7011494252873564,
  "val_dir_pred_up_rate_event": 1.0,
  "val_dir_majority_acc_event": 0.7011494252873564,
  "val_dir_acc_minus_majority_event": 0.0,
  "test_dir_event_count": 175.0,
  "test_dir_coverage": 0.7543103448275862,
  "test_dir_acc_event": 0.6685714285714286,
  "test_dir_mae_event": 0.3314285714285714,
  "test_dir_up_rate_event": 0.6685714285714286,
  "test_dir_pred_up_rate_event": 0.9885714285714285,
  "test_dir_majority_acc_event": 0.6685714285714286,
  "test_dir_acc_minus_majority_event": 0.0,
  "latent_rows_train": 1240,
  "latent_rows_val": 233,
  "latent_rows_test": 233,
  "latent_rows_all": 1706
}