{
  "fold": "fold2",
  "variant": "no_sentiment",
  "best_epoch": 56,
  "best_val_total_loss": 1.4717256282937938,
  "test_total_loss": 1.4422936850580677,
  "test_dir_loss": 0.7081744465334662,
  "test_reg_loss": 0.0864826034882973,
  "test_dir_acc": 0.5517241379310345,
  "test_reg_acc": 0.978448275862069,
  "test_num_samples": 232,
  "test_pred_rows": 232,
  "latent_rows_train": 1240,
  "latent_rows_val": 233,
  "latent_rows_test": 233,
  "latent_rows_all": 1706
}