{
  "fold": "fold2",
  "variant": "no_sentiment",
  "best_epoch": 54,
  "best_val_total_loss": 1.426350055069759,
  "test_total_loss": 1.4253019669960285,
  "test_dir_loss": 0.7011262342847627,
  "test_reg_loss": 0.07683165011734798,
  "test_dir_acc": 0.5172413793103449,
  "test_reg_acc": 0.978448275862069,
  "test_num_samples": 232,
  "test_pred_rows": 232,
  "latent_rows_train": 1240,
  "latent_rows_val": 233,
  "latent_rows_test": 233,
  "latent_rows_all": 1706
}