{
  "fold": "fold2",
  "variant": "no_sentiment",
  "best_epoch": 61,
  "best_val_total_loss": 0.9989979678186877,
  "test_total_loss": 1.011473010326254,
  "test_dir_loss": 0.4571428894996643,
  "test_reg_loss": 0.17247009046118836,
  "test_ret_loss": 0.09089243566167765,
  "test_dir_acc": 0.47844827586206895,
  "test_reg_acc": 0.9181034482758621,
  "test_num_samples": 232,
  "test_pred_rows": 232,
  "latent_rows_train": 1240,
  "latent_rows_val": 233,
  "latent_rows_test": 233,
  "latent_rows_all": 1706
}