{
  "fold": "fold3",
  "variant": "gating",
  "best_epoch": 62,
  "best_val_total_loss": 1.214421321605814,
  "test_total_loss": 1.5825976667733028,
  "test_dir_loss": 0.7257366120815277,
  "test_reg_loss": 0.3643519323447655,
  "test_dir_acc": 0.5833333333333334,
  "test_reg_acc": 0.8620689655172413,
  "test_num_samples": 232,
  "dir_label_mode": "vol_threshold",
  "dir_vol_k": 0.5,
  "dir_vol_col": "rolling_vol_20",
  "dir_ignore_index": -1,
  "val_pred_rows": 232,
  "test_pred_rows": 232,
  "val_dir_event_count": 188.0,
  "val_dir_coverage": 0.8103448275862069,
  "val_dir_acc_event": 0.6648936170212766,
  "val_dir_mae_event": 0.3351063829787234,
  "val_dir_up_rate_event": 0.6595744680851063,
  "val_dir_pred_up_rate_event": 0.9840425531914894,
  "val_dir_majority_acc_event": 0.6595744680851063,
  "val_dir_acc_minus_majority_event": 0.005319148936170248,
  "test_dir_event_count": 180.0,
  "test_dir_coverage": 0.7758620689655172,
  "test_dir_acc_event": 0.5833333333333334,
  "test_dir_mae_event": 0.4166666666666667,
  "test_dir_up_rate_event": 0.5833333333333334,
  "test_dir_pred_up_rate_event": 1.0,
  "test_dir_majority_acc_event": 0.5833333333333334,
  "test_dir_acc_minus_majority_event": 0.0,
  "latent_rows_train": 1239,
  "latent_rows_val": 233,
  "latent_rows_test": 233,
  "latent_rows_all": 1705
}