{
  "fold": "fold7",
  "variant": "gating",
  "best_epoch": 28,
  "best_val_total_loss": 2.1336282259458073,
  "test_total_loss": 2.6514462951956124,
  "test_dir_loss": 1.255895379985251,
  "test_reg_loss": 0.9006760973354866,
  "test_dir_acc": 0.24878048780487805,
  "test_reg_acc": 0.5905172413793104,
  "test_num_samples": 232,
  "dir_label_mode": "vol_threshold",
  "dir_vol_k": 0.5,
  "dir_vol_col": "rolling_vol_20",
  "dir_ignore_index": -1,
  "val_pred_rows": 231,
  "test_pred_rows": 232,
  "val_dir_event_count": 195.0,
  "val_dir_coverage": 0.8441558441558441,
  "val_dir_acc_event": 0.5641025641025641,
  "val_dir_mae_event": 0.4358974358974359,
  "val_dir_up_rate_event": 0.6153846153846154,
  "val_dir_pred_up_rate_event": 0.7743589743589744,
  "val_dir_majority_acc_event": 0.6153846153846154,
  "val_dir_acc_minus_majority_event": -0.05128205128205132,
  "test_dir_event_count": 205.0,
  "test_dir_coverage": 0.8836206896551724,
  "test_dir_acc_event": 0.24878048780487805,
  "test_dir_mae_event": 0.751219512195122,
  "test_dir_up_rate_event": 0.7560975609756098,
  "test_dir_pred_up_rate_event": 0.424390243902439,
  "test_dir_majority_acc_event": 0.7560975609756098,
  "test_dir_acc_minus_majority_event": -0.5073170731707317,
  "latent_rows_train": 1240,
  "latent_rows_val": 232,
  "latent_rows_test": 233,
  "latent_rows_all": 1705
}