{
  "fold": "fold3",
  "variant": "gating",
  "best_epoch": 15,
  "best_val_total_loss": 1.0738658535069432,
  "test_total_loss": 1.2651028057624554,
  "test_dir_loss": 0.5514938939701427,
  "test_reg_loss": 0.8809502618066196,
  "test_dir_acc": 0.7727272727272727,
  "test_reg_acc": 0.5689655172413793,
  "test_num_samples": 232,
  "dir_label_mode": "vol_threshold",
  "dir_vol_k": 1.5,
  "dir_vol_col": "rolling_vol_20",
  "dir_ignore_index": -1,
  "val_pred_rows": 232,
  "test_pred_rows": 232,
  "val_dir_event_count": 38.0,
  "val_dir_coverage": 0.16379310344827586,
  "val_dir_acc_event": 0.7631578947368421,
  "val_dir_mae_event": 0.23684210526315788,
  "val_dir_up_rate_event": 0.4473684210526316,
  "val_dir_pred_up_rate_event": 0.5263157894736842,
  "val_dir_majority_acc_event": 0.5526315789473684,
  "val_dir_acc_minus_majority_event": 0.21052631578947378,
  "test_dir_event_count": 22.0,
  "test_dir_coverage": 0.09482758620689655,
  "test_dir_acc_event": 0.7727272727272727,
  "test_dir_mae_event": 0.22727272727272727,
  "test_dir_up_rate_event": 0.22727272727272727,
  "test_dir_pred_up_rate_event": 0.45454545454545453,
  "test_dir_majority_acc_event": 0.7727272727272727,
  "test_dir_acc_minus_majority_event": 0.0,
  "latent_rows_train": 1239,
  "latent_rows_val": 233,
  "latent_rows_test": 233,
  "latent_rows_all": 1705
}