{
  "fold": "fold3",
  "variant": "gating",
  "best_epoch": 46,
  "best_val_total_loss": 0.2701802767556289,
  "test_total_loss": 0.3566439675873724,
  "test_dir_loss": 0.10401128129712467,
  "test_reg_loss": 0.2564663383467444,
  "test_ret_loss": 0.35840747890801267,
  "test_dir_acc": 0.5948275862068966,
  "test_reg_acc": 0.9051724137931034,
  "test_num_samples": 232,
  "test_pred_rows": 232,
  "latent_rows_train": 1239,
  "latent_rows_val": 233,
  "latent_rows_test": 233,
  "latent_rows_all": 1705
}