{
  "fold": "fold3",
  "variant": "gating",
  "best_epoch": 51,
  "best_val_total_loss": 1.3093584077111606,
  "test_total_loss": 1.4552909176925133,
  "test_dir_loss": 0.7089635627023105,
  "test_reg_loss": 0.12454585371346309,
  "test_dir_acc": 0.5732758620689655,
  "test_reg_acc": 0.9698275862068966,
  "test_num_samples": 232,
  "test_pred_rows": 232,
  "latent_rows_train": 1239,
  "latent_rows_val": 233,
  "latent_rows_test": 233,
  "latent_rows_all": 1705
}