{
  "fold": "fold3",
  "variant": "gating",
  "best_epoch": 69,
  "best_val_total_loss": 0.7980009769571239,
  "test_total_loss": 0.9850571977681127,
  "test_dir_loss": 1.0854385926805694,
  "test_reg_loss": 0.362277097743133,
  "test_ret_loss": 0.26686932506232425,
  "test_dir_acc": 0.3922413793103448,
  "test_reg_acc": 0.8577586206896551,
  "test_num_samples": 232,
  "latent_rows_train": 1239,
  "latent_rows_val": 233,
  "latent_rows_test": 233,
  "latent_rows_all": 1705
}