{
  "fold": "fold3",
  "variant": "gating",
  "best_epoch": 74,
  "best_val_total_loss": -0.05171551985730385,
  "test_total_loss": -0.038790221133365714,
  "test_dir_loss": -0.03269794583320618,
  "test_reg_loss": 0.08868556276991449,
  "test_dir_acc": 0.5775862068965517,
  "test_reg_acc": 0.9655172413793104,
  "test_num_samples": 232,
  "test_pred_rows": 232,
  "latent_rows_train": 1239,
  "latent_rows_val": 233,
  "latent_rows_test": 233,
  "latent_rows_all": 1705
}