{
  "fold": "fold3",
  "variant": "gating",
  "best_epoch": 80,
  "best_val_total_loss": 0.8314810395240784,
  "test_total_loss": 0.9534276723861694,
  "test_dir_loss": 0.4710752450186631,
  "test_reg_loss": 0.3780095782773248,
  "test_ret_loss": 0.26682390426767283,
  "test_dir_acc": 0.4396551724137931,
  "test_reg_acc": 0.8318965517241379,
  "test_num_samples": 232,
  "test_pred_rows": 232,
  "latent_rows_train": 1239,
  "latent_rows_val": 233,
  "latent_rows_test": 233,
  "latent_rows_all": 1705
}