{
  "fold": "fold3",
  "variant": "gating",
  "best_epoch": 62,
  "best_val_total_loss": 1.3553056223639126,
  "test_total_loss": 1.6405304382587302,
  "test_dir_loss": 0.7805368818085769,
  "test_reg_loss": 0.2648554994114514,
  "test_dir_acc": 0.5818965517241379,
  "test_reg_acc": 0.9137931034482759,
  "test_num_samples": 232,
  "test_pred_rows": 232,
  "latent_rows_train": 1239,
  "latent_rows_val": 233,
  "latent_rows_test": 233,
  "latent_rows_all": 1705
}