{
  "fold": "fold7",
  "variant": "gating",
  "best_epoch": 10,
  "best_val_total_loss": 2.8824045214302094,
  "test_total_loss": 2.256283818647779,
  "test_dir_loss": 0.8447648011036774,
  "test_reg_loss": 1.5769734310692753,
  "test_dir_acc": 0.6567164179104478,
  "test_reg_acc": 0.4051724137931034,
  "test_num_samples": 232,
  "dir_label_mode": "vol_threshold",
  "dir_vol_k": 1.0,
  "dir_vol_col": "rolling_vol_20",
  "dir_ignore_index": -1,
  "val_pred_rows": 231,
  "test_pred_rows": 232,
  "val_dir_event_count": 71.0,
  "val_dir_coverage": 0.30735930735930733,
  "val_dir_acc_event": 0.4225352112676056,
  "val_dir_mae_event": 0.5774647887323944,
  "val_dir_up_rate_event": 0.4225352112676056,
  "val_dir_pred_up_rate_event": 1.0,
  "val_dir_majority_acc_event": 0.5774647887323944,
  "val_dir_acc_minus_majority_event": -0.15492957746478875,
  "test_dir_event_count": 67.0,
  "test_dir_coverage": 0.28879310344827586,
  "test_dir_acc_event": 0.6567164179104478,
  "test_dir_mae_event": 0.34328358208955223,
  "test_dir_up_rate_event": 0.6567164179104478,
  "test_dir_pred_up_rate_event": 1.0,
  "test_dir_majority_acc_event": 0.6567164179104478,
  "test_dir_acc_minus_majority_event": 0.0,
  "latent_rows_train": 1240,
  "latent_rows_val": 232,
  "latent_rows_test": 233,
  "latent_rows_all": 1705
}