{
  "fold": "fold5",
  "variant": "gating",
  "best_epoch": 13,
  "best_val_total_loss": 2.762746243641294,
  "test_total_loss": 3.0324002571436233,
  "test_dir_loss": 1.6024423614144325,
  "test_reg_loss": 0.630737403125474,
  "test_dir_acc": 0.15625,
  "test_reg_acc": 0.8095238095238095,
  "test_num_samples": 231,
  "dir_label_mode": "vol_threshold",
  "dir_vol_k": 1.5,
  "dir_vol_col": "rolling_vol_20",
  "dir_ignore_index": -1,
  "val_pred_rows": 232,
  "test_pred_rows": 231,
  "val_dir_event_count": 24.0,
  "val_dir_coverage": 0.10344827586206896,
  "val_dir_acc_event": 0.6666666666666666,
  "val_dir_mae_event": 0.3333333333333333,
  "val_dir_up_rate_event": 0.5833333333333334,
  "val_dir_pred_up_rate_event": 0.3333333333333333,
  "val_dir_majority_acc_event": 0.5833333333333334,
  "val_dir_acc_minus_majority_event": 0.08333333333333326,
  "test_dir_event_count": 32.0,
  "test_dir_coverage": 0.13852813852813853,
  "test_dir_acc_event": 0.15625,
  "test_dir_mae_event": 0.84375,
  "test_dir_up_rate_event": 0.90625,
  "test_dir_pred_up_rate_event": 0.0625,
  "test_dir_majority_acc_event": 0.90625,
  "test_dir_acc_minus_majority_event": -0.75,
  "latent_rows_train": 1239,
  "latent_rows_val": 233,
  "latent_rows_test": 232,
  "latent_rows_all": 1704
}