{
  "fold": "fold3",
  "variant": "gating",
  "best_epoch": 67,
  "best_val_total_loss": 1.0472763160179401,
  "test_total_loss": 2.14000967453266,
  "test_dir_loss": 0.9411481890098128,
  "test_reg_loss": 0.382530874219434,
  "test_dir_acc": 0.5132275132275133,
  "test_reg_acc": 0.8448275862068966,
  "test_num_samples": 232,
  "dir_label_mode": "vol_threshold",
  "dir_vol_k": 0.25,
  "dir_vol_col": "rolling_vol_20",
  "dir_ignore_index": -1,
  "val_pred_rows": 232,
  "test_pred_rows": 232,
  "val_dir_event_count": 204.0,
  "val_dir_coverage": 0.8793103448275862,
  "val_dir_acc_event": 0.7450980392156863,
  "val_dir_mae_event": 0.2549019607843137,
  "val_dir_up_rate_event": 0.7450980392156863,
  "val_dir_pred_up_rate_event": 1.0,
  "val_dir_majority_acc_event": 0.7450980392156863,
  "val_dir_acc_minus_majority_event": 0.0,
  "test_dir_event_count": 189.0,
  "test_dir_coverage": 0.8146551724137931,
  "test_dir_acc_event": 0.5132275132275133,
  "test_dir_mae_event": 0.48677248677248675,
  "test_dir_up_rate_event": 0.5343915343915344,
  "test_dir_pred_up_rate_event": 0.9788359788359788,
  "test_dir_majority_acc_event": 0.5343915343915344,
  "test_dir_acc_minus_majority_event": -0.021164021164021163,
  "latent_rows_train": 1239,
  "latent_rows_val": 233,
  "latent_rows_test": 233,
  "latent_rows_all": 1705
}