{
  "fold": "fold5",
  "variant": "gating",
  "best_epoch": 28,
  "best_val_total_loss": 1.7016755876869991,
  "test_total_loss": 1.8547666867574055,
  "test_dir_loss": 0.8880427600680918,
  "test_reg_loss": 0.13978039205590367,
  "test_dir_acc": 0.3140096618357488,
  "test_reg_acc": 0.974025974025974,
  "test_num_samples": 231,
  "dir_label_mode": "vol_threshold",
  "dir_vol_k": 0.25,
  "dir_vol_col": "rolling_vol_20",
  "dir_ignore_index": -1,
  "val_pred_rows": 232,
  "test_pred_rows": 231,
  "val_dir_event_count": 207.0,
  "val_dir_coverage": 0.8922413793103449,
  "val_dir_acc_event": 0.4927536231884058,
  "val_dir_mae_event": 0.5072463768115942,
  "val_dir_up_rate_event": 0.7439613526570048,
  "val_dir_pred_up_rate_event": 0.4492753623188406,
  "val_dir_majority_acc_event": 0.7439613526570048,
  "val_dir_acc_minus_majority_event": -0.251207729468599,
  "test_dir_event_count": 207.0,
  "test_dir_coverage": 0.8961038961038961,
  "test_dir_acc_event": 0.3140096618357488,
  "test_dir_mae_event": 0.6859903381642513,
  "test_dir_up_rate_event": 0.8115942028985508,
  "test_dir_pred_up_rate_event": 0.12560386473429952,
  "test_dir_majority_acc_event": 0.8115942028985508,
  "test_dir_acc_minus_majority_event": -0.497584541062802,
  "latent_rows_train": 1239,
  "latent_rows_val": 233,
  "latent_rows_test": 232,
  "latent_rows_all": 1704
}