{
  "fold": "fold3",
  "variant": "gating",
  "best_epoch": 56,
  "best_val_total_loss": 1.3604602320440884,
  "test_total_loss": 1.4817950561128814,
  "test_dir_loss": 0.6477660828945684,
  "test_reg_loss": 0.6236987504465826,
  "test_dir_acc": 0.43137254901960786,
  "test_reg_acc": 0.728448275862069,
  "test_num_samples": 232,
  "dir_label_mode": "vol_threshold",
  "dir_vol_k": 1.0,
  "dir_vol_col": "rolling_vol_20",
  "dir_ignore_index": -1,
  "val_pred_rows": 232,
  "test_pred_rows": 232,
  "val_dir_event_count": 73.0,
  "val_dir_coverage": 0.3146551724137931,
  "val_dir_acc_event": 0.589041095890411,
  "val_dir_mae_event": 0.410958904109589,
  "val_dir_up_rate_event": 0.589041095890411,
  "val_dir_pred_up_rate_event": 1.0,
  "val_dir_majority_acc_event": 0.589041095890411,
  "val_dir_acc_minus_majority_event": 0.0,
  "test_dir_event_count": 51.0,
  "test_dir_coverage": 0.21982758620689655,
  "test_dir_acc_event": 0.43137254901960786,
  "test_dir_mae_event": 0.5686274509803921,
  "test_dir_up_rate_event": 0.43137254901960786,
  "test_dir_pred_up_rate_event": 1.0,
  "test_dir_majority_acc_event": 0.5686274509803921,
  "test_dir_acc_minus_majority_event": -0.13725490196078427,
  "latent_rows_train": 1239,
  "latent_rows_val": 233,
  "latent_rows_test": 233,
  "latent_rows_all": 1705
}