{
  "fold": "fold5",
  "variant": "no_sentiment",
  "best_epoch": 46,
  "best_val_total_loss": -0.023502728998147208,
  "test_total_loss": 0.028892656876927332,
  "test_dir_loss": 0.011570834623270737,
  "test_reg_loss": 0.019169958558304487,
  "test_dir_acc": 0.3203463203463203,
  "test_reg_acc": 1.0,
  "test_num_samples": 231,
  "test_pred_rows": 231,
  "latent_rows_train": 1239,
  "latent_rows_val": 233,
  "latent_rows_test": 232,
  "latent_rows_all": 1704
}