{
  "fold": "fold5",
  "variant": "no_sentiment",
  "best_epoch": 78,
  "best_val_total_loss": 1.3770118499624318,
  "test_total_loss": 1.7080140965325492,
  "test_dir_loss": 0.8498499019321425,
  "test_reg_loss": 0.02771426272453555,
  "test_dir_acc": 0.3246753246753247,
  "test_reg_acc": 0.9913419913419913,
  "test_num_samples": 231,
  "test_pred_rows": 231,
  "latent_rows_train": 1239,
  "latent_rows_val": 233,
  "latent_rows_test": 232,
  "latent_rows_all": 1704
}