{
  "fold": "fold5",
  "variant": "no_sentiment",
  "best_epoch": 62,
  "best_val_total_loss": 0.3308871182902106,
  "test_total_loss": 0.351096365229908,
  "test_dir_loss": 0.13437611374246095,
  "test_reg_loss": 0.11147503019411327,
  "test_ret_loss": 0.24450813691853446,
  "test_dir_acc": 0.36363636363636365,
  "test_reg_acc": 0.961038961038961,
  "test_num_samples": 231,
  "test_pred_rows": 231,
  "latent_rows_train": 1239,
  "latent_rows_val": 233,
  "latent_rows_test": 232,
  "latent_rows_all": 1704
}