{
  "fold": "fold5",
  "variant": "no_sentiment",
  "best_epoch": 41,
  "best_val_total_loss": 1.6434828495157177,
  "test_total_loss": 2.1881122341403714,
  "test_dir_loss": 1.065290133158366,
  "test_reg_loss": 0.19177314710049403,
  "test_dir_acc": 0.3203463203463203,
  "test_reg_acc": 0.9783549783549783,
  "test_num_samples": 231,
  "test_pred_rows": 231,
  "latent_rows_train": 1239,
  "latent_rows_val": 233,
  "latent_rows_test": 232,
  "latent_rows_all": 1704
}