{
  "fold": "fold6",
  "variant": "gating",
  "best_epoch": 2,
  "best_val_total_loss": 1.2602611127353849,
  "test_total_loss": 2.1754736982898795,
  "test_dir_loss": 0.7782279816833703,
  "test_reg_loss": 2.194008593951469,
  "test_dir_acc": 0.527027027027027,
  "test_reg_acc": 0.31601731601731603,
  "test_num_samples": 231,
  "dir_label_mode": "vol_threshold",
  "dir_vol_k": 1.0,
  "dir_vol_col": "rolling_vol_20",
  "dir_ignore_index": -1,
  "val_pred_rows": 231,
  "test_pred_rows": 231,
  "val_dir_event_count": 68.0,
  "val_dir_coverage": 0.2943722943722944,
  "val_dir_acc_event": 0.8088235294117647,
  "val_dir_mae_event": 0.19117647058823528,
  "val_dir_up_rate_event": 0.8088235294117647,
  "val_dir_pred_up_rate_event": 1.0,
  "val_dir_majority_acc_event": 0.8088235294117647,
  "val_dir_acc_minus_majority_event": 0.0,
  "test_dir_event_count": 74.0,
  "test_dir_coverage": 0.3203463203463203,
  "test_dir_acc_event": 0.527027027027027,
  "test_dir_mae_event": 0.47297297297297297,
  "test_dir_up_rate_event": 0.4594594594594595,
  "test_dir_pred_up_rate_event": 0.9054054054054054,
  "test_dir_majority_acc_event": 0.5405405405405406,
  "test_dir_acc_minus_majority_event": -0.013513513513513598,
  "latent_rows_train": 1239,
  "latent_rows_val": 232,
  "latent_rows_test": 232,
  "latent_rows_all": 1703
}