{
  "fold": "fold8",
  "variant": "gating",
  "best_epoch": 39,
  "best_val_total_loss": 0.4421645351525011,
  "test_total_loss": 0.9001488063646399,
  "test_dir_loss": 0.20763443863910178,
  "test_reg_loss": 0.5526473107545272,
  "test_ret_loss": 1.595428492711938,
  "test_dir_acc": 0.44565217391304346,
  "test_reg_acc": 0.7934782608695652,
  "test_num_samples": 92,
  "test_pred_rows": 92,
  "latent_rows_train": 1239,
  "latent_rows_val": 233,
  "latent_rows_test": 93,
  "latent_rows_all": 1565
}