{
  "fold": "fold8",
  "variant": "gating",
  "best_epoch": 99,
  "best_val_total_loss": 1.6220439261403576,
  "test_total_loss": 1.8358058203821597,
  "test_dir_loss": 0.8520652470381364,
  "test_reg_loss": 0.43891769712385925,
  "test_dir_acc": 0.3695652173913043,
  "test_reg_acc": 0.8152173913043478,
  "test_num_samples": 92,
  "test_pred_rows": 92,
  "latent_rows_train": 1239,
  "latent_rows_val": 233,
  "latent_rows_test": 93,
  "latent_rows_all": 1565
}