{
  "fold": "fold8",
  "variant": "gating",
  "best_epoch": 88,
  "best_val_total_loss": 1.7736777601570919,
  "test_total_loss": 2.216399565986965,
  "test_dir_loss": 1.0645533126333486,
  "test_reg_loss": 0.29097643883331964,
  "test_dir_acc": 0.41304347826086957,
  "test_reg_acc": 0.8260869565217391,
  "test_num_samples": 92,
  "test_pred_rows": 92,
  "latent_rows_train": 1239,
  "latent_rows_val": 233,
  "latent_rows_test": 93,
  "latent_rows_all": 1565
}