{
  "fold": "fold8",
  "variant": "gating",
  "best_epoch": 89,
  "best_val_total_loss": 0.07862248991070123,
  "test_total_loss": 0.31985805669556494,
  "test_dir_loss": 0.1340084775634434,
  "test_reg_loss": 0.1728036915478499,
  "test_dir_acc": 0.45652173913043476,
  "test_reg_acc": 0.9130434782608695,
  "test_num_samples": 92,
  "test_pred_rows": 92,
  "latent_rows_train": 1239,
  "latent_rows_val": 233,
  "latent_rows_test": 93,
  "latent_rows_all": 1565
}