{
  "fold": "fold8",
  "variant": "gating",
  "best_epoch": 12,
  "best_val_total_loss": 1.3413914154315818,
  "test_total_loss": 1.4575414553932522,
  "test_dir_loss": 1.0079036173613176,
  "test_reg_loss": 0.27801347556321515,
  "test_ret_loss": 2.251920565314915,
  "test_dir_acc": 0.40217391304347827,
  "test_reg_acc": 0.9239130434782609,
  "test_num_samples": 92,
  "latent_rows_train": 1239,
  "latent_rows_val": 233,
  "latent_rows_test": 93,
  "latent_rows_all": 1565
}