{
  "fold": "fold8",
  "variant": "gating",
  "best_epoch": 100,
  "best_val_total_loss": 1.0177671189965873,
  "test_total_loss": 1.860169794248498,
  "test_dir_loss": 0.4419046381245489,
  "test_reg_loss": 0.22122623220733975,
  "test_ret_loss": 2.261889996735946,
  "test_dir_acc": 0.3695652173913043,
  "test_reg_acc": 0.8804347826086957,
  "test_num_samples": 92,
  "test_pred_rows": 92,
  "latent_rows_train": 1239,
  "latent_rows_val": 233,
  "latent_rows_test": 93,
  "latent_rows_all": 1565
}