{
  "fold": "fold7",
  "variant": "gating",
  "best_epoch": 33,
  "best_val_total_loss": 1.7557665666976532,
  "test_total_loss": 1.6406000914244816,
  "test_dir_loss": 0.7230113267898559,
  "test_reg_loss": 0.65820205391481,
  "test_dir_acc": 0.625,
  "test_reg_acc": 0.6982758620689655,
  "test_num_samples": 232,
  "dir_label_mode": "vol_threshold",
  "dir_vol_k": 0.5,
  "dir_vol_col": "rolling_vol_20",
  "dir_ignore_index": -1,
  "val_pred_rows": 231,
  "test_pred_rows": 232,
  "val_dir_event_count": 187.0,
  "val_dir_coverage": 0.8095238095238095,
  "val_dir_acc_event": 0.5187165775401069,
  "val_dir_mae_event": 0.48128342245989303,
  "val_dir_up_rate_event": 0.5347593582887701,
  "val_dir_pred_up_rate_event": 0.6951871657754011,
  "val_dir_majority_acc_event": 0.5347593582887701,
  "val_dir_acc_minus_majority_event": -0.016042780748663166,
  "test_dir_event_count": 200.0,
  "test_dir_coverage": 0.8620689655172413,
  "test_dir_acc_event": 0.625,
  "test_dir_mae_event": 0.375,
  "test_dir_up_rate_event": 0.69,
  "test_dir_pred_up_rate_event": 0.805,
  "test_dir_majority_acc_event": 0.69,
  "test_dir_acc_minus_majority_event": -0.06499999999999995,
  "latent_rows_train": 1240,
  "latent_rows_val": 232,
  "latent_rows_test": 233,
  "latent_rows_all": 1705
}