{
  "fold": "fold5",
  "variant": "gating",
  "best_epoch": 11,
  "best_val_total_loss": 1.6792106792844574,
  "test_total_loss": 4.2503482418142875,
  "test_dir_loss": 2.1043214592440376,
  "test_reg_loss": 0.694870379322019,
  "test_dir_acc": 0.10344827586206896,
  "test_reg_acc": 0.7662337662337663,
  "test_num_samples": 231,
  "dir_label_mode": "vol_threshold",
  "dir_vol_k": 1.5,
  "dir_vol_col": "rolling_vol_20",
  "dir_ignore_index": -1,
  "val_pred_rows": 232,
  "test_pred_rows": 231,
  "val_dir_event_count": 22.0,
  "val_dir_coverage": 0.09482758620689655,
  "val_dir_acc_event": 0.5454545454545454,
  "val_dir_mae_event": 0.45454545454545453,
  "val_dir_up_rate_event": 0.5454545454545454,
  "val_dir_pred_up_rate_event": 0.09090909090909091,
  "val_dir_majority_acc_event": 0.5454545454545454,
  "val_dir_acc_minus_majority_event": 0.0,
  "test_dir_event_count": 29.0,
  "test_dir_coverage": 0.12554112554112554,
  "test_dir_acc_event": 0.10344827586206896,
  "test_dir_mae_event": 0.896551724137931,
  "test_dir_up_rate_event": 0.896551724137931,
  "test_dir_pred_up_rate_event": 0.0,
  "test_dir_majority_acc_event": 0.896551724137931,
  "test_dir_acc_minus_majority_event": -0.7931034482758621,
  "latent_rows_train": 1239,
  "latent_rows_val": 233,
  "latent_rows_test": 232,
  "latent_rows_all": 1704
}