{
  "fold": "fold1",
  "variant": "gating",
  "best_epoch": 23,
  "best_val_total_loss": 1.2335344698118127,
  "test_total_loss": 1.360522849806424,
  "test_dir_loss": 0.6439929116339911,
  "test_reg_loss": 0.3297878000242957,
  "test_dir_acc": 0.7857142857142857,
  "test_reg_acc": 0.8922413793103449,
  "test_num_samples": 232,
  "dir_label_mode": "vol_threshold",
  "dir_vol_k": 0.25,
  "dir_vol_col": "rolling_vol_20",
  "dir_ignore_index": -1,
  "val_pred_rows": 230,
  "test_pred_rows": 232,
  "val_dir_event_count": 202.0,
  "val_dir_coverage": 0.8782608695652174,
  "val_dir_acc_event": 0.6683168316831684,
  "val_dir_mae_event": 0.3316831683168317,
  "val_dir_up_rate_event": 0.6188118811881188,
  "val_dir_pred_up_rate_event": 0.9207920792079208,
  "val_dir_majority_acc_event": 0.6188118811881188,
  "val_dir_acc_minus_majority_event": 0.04950495049504955,
  "test_dir_event_count": 210.0,
  "test_dir_coverage": 0.9051724137931034,
  "test_dir_acc_event": 0.7857142857142857,
  "test_dir_mae_event": 0.21428571428571427,
  "test_dir_up_rate_event": 0.7857142857142857,
  "test_dir_pred_up_rate_event": 1.0,
  "test_dir_majority_acc_event": 0.7857142857142857,
  "test_dir_acc_minus_majority_event": 0.0,
  "latent_rows_train": 1241,
  "latent_rows_val": 231,
  "latent_rows_test": 233,
  "latent_rows_all": 1705
}