{
  "fold": "fold8",
  "variant": "gating",
  "best_epoch": 21,
  "best_val_total_loss": 1.8459274008356292,
  "test_total_loss": 2.8505146399788233,
  "test_dir_loss": 1.2894030809402466,
  "test_reg_loss": 1.2482873149540112,
  "test_dir_acc": 0.3939393939393939,
  "test_reg_acc": 0.6086956521739131,
  "test_num_samples": 92,
  "dir_label_mode": "vol_threshold",
  "dir_vol_k": 1.0,
  "dir_vol_col": "rolling_vol_20",
  "dir_ignore_index": -1,
  "val_pred_rows": 232,
  "test_pred_rows": 92,
  "val_dir_event_count": 69.0,
  "val_dir_coverage": 0.2974137931034483,
  "val_dir_acc_event": 0.5652173913043478,
  "val_dir_mae_event": 0.43478260869565216,
  "val_dir_up_rate_event": 0.6521739130434783,
  "val_dir_pred_up_rate_event": 0.8260869565217391,
  "val_dir_majority_acc_event": 0.6521739130434783,
  "val_dir_acc_minus_majority_event": -0.08695652173913049,
  "test_dir_event_count": 33.0,
  "test_dir_coverage": 0.358695652173913,
  "test_dir_acc_event": 0.3939393939393939,
  "test_dir_mae_event": 0.6060606060606061,
  "test_dir_up_rate_event": 0.45454545454545453,
  "test_dir_pred_up_rate_event": 0.3939393939393939,
  "test_dir_majority_acc_event": 0.5454545454545454,
  "test_dir_acc_minus_majority_event": -0.1515151515151515,
  "latent_rows_train": 1239,
  "latent_rows_val": 233,
  "latent_rows_test": 93,
  "latent_rows_all": 1565
}