{
  "fold": "fold4",
  "variant": "gating",
  "best_epoch": 54,
  "best_val_total_loss": 1.4351737047063893,
  "test_total_loss": 1.788718531871664,
  "test_dir_loss": 0.7557861623117479,
  "test_reg_loss": 0.7721707009035965,
  "test_dir_acc": 0.5254237288135594,
  "test_reg_acc": 0.7155172413793104,
  "test_num_samples": 232,
  "dir_label_mode": "vol_threshold",
  "dir_vol_k": 1.0,
  "dir_vol_col": "rolling_vol_20",
  "dir_ignore_index": -1,
  "val_pred_rows": 232,
  "test_pred_rows": 232,
  "val_dir_event_count": 50.0,
  "val_dir_coverage": 0.21551724137931033,
  "val_dir_acc_event": 0.64,
  "val_dir_mae_event": 0.36,
  "val_dir_up_rate_event": 0.5,
  "val_dir_pred_up_rate_event": 0.74,
  "val_dir_majority_acc_event": 0.5,
  "val_dir_acc_minus_majority_event": 0.14,
  "test_dir_event_count": 59.0,
  "test_dir_coverage": 0.2543103448275862,
  "test_dir_acc_event": 0.5254237288135594,
  "test_dir_mae_event": 0.4745762711864407,
  "test_dir_up_rate_event": 0.6440677966101694,
  "test_dir_pred_up_rate_event": 0.5423728813559322,
  "test_dir_majority_acc_event": 0.6440677966101694,
  "test_dir_acc_minus_majority_event": -0.11864406779661008,
  "latent_rows_train": 1239,
  "latent_rows_val": 233,
  "latent_rows_test": 233,
  "latent_rows_all": 1705
}