{
  "fold": "fold6",
  "variant": "no_gating",
  "best_epoch": 54,
  "best_val_total_loss": 1.8284013261010637,
  "test_total_loss": 1.7798609970968007,
  "test_dir_loss": 0.8122751764404825,
  "test_reg_loss": 0.5177021834609256,
  "test_dir_acc": 0.45454545454545453,
  "test_reg_acc": 0.8831168831168831,
  "test_num_samples": 231,
  "test_pred_rows": 231,
  "latent_rows_train": 1239,
  "latent_rows_val": 232,
  "latent_rows_test": 232,
  "latent_rows_all": 1703
}