{
  "fold": "fold6",
  "variant": "no_gating",
  "best_epoch": 42,
  "best_val_total_loss": 1.0288615237066756,
  "test_total_loss": 1.310357987622678,
  "test_dir_loss": 0.47568679758996674,
  "test_reg_loss": 0.19277629777320432,
  "test_ret_loss": 0.6023029635994981,
  "test_dir_acc": 0.4199134199134199,
  "test_reg_acc": 0.9307359307359307,
  "test_num_samples": 231,
  "test_pred_rows": 231,
  "latent_rows_train": 1239,
  "latent_rows_val": 232,
  "latent_rows_test": 232,
  "latent_rows_all": 1703
}