{
  "fold": "fold6",
  "variant": "no_gating",
  "best_epoch": 45,
  "best_val_total_loss": 0.775264732765429,
  "test_total_loss": 1.0908884080973538,
  "test_dir_loss": 1.0815060360607132,
  "test_reg_loss": 0.3566814450732557,
  "test_ret_loss": 0.6448463707259207,
  "test_dir_acc": 0.3722943722943723,
  "test_reg_acc": 0.9090909090909091,
  "test_num_samples": 231,
  "latent_rows_train": 1239,
  "latent_rows_val": 232,
  "latent_rows_test": 232,
  "latent_rows_all": 1703
}