{
  "fold": "fold6",
  "variant": "no_gating",
  "best_epoch": 24,
  "best_val_total_loss": 0.33174638404990686,
  "test_total_loss": 0.46378463842136003,
  "test_dir_loss": 0.12262778971102331,
  "test_reg_loss": 0.3478035184658572,
  "test_ret_loss": 0.5709399526769464,
  "test_dir_acc": 0.45454545454545453,
  "test_reg_acc": 0.8917748917748918,
  "test_num_samples": 231,
  "test_pred_rows": 231,
  "latent_rows_train": 1239,
  "latent_rows_val": 232,
  "latent_rows_test": 232,
  "latent_rows_all": 1703
}