{
  "fold": "fold6",
  "variant": "no_gating",
  "best_epoch": 93,
  "best_val_total_loss": 1.452503784910425,
  "test_total_loss": 1.7761630279161198,
  "test_dir_loss": 0.845707596638502,
  "test_reg_loss": 0.2824928714962801,
  "test_dir_acc": 0.4458874458874459,
  "test_reg_acc": 0.922077922077922,
  "test_num_samples": 231,
  "test_pred_rows": 231,
  "latent_rows_train": 1239,
  "latent_rows_val": 232,
  "latent_rows_test": 232,
  "latent_rows_all": 1703
}