{
  "fold": "fold6",
  "variant": "no_gating",
  "best_epoch": 90,
  "best_val_total_loss": -0.0015549065537137903,
  "test_total_loss": 0.015854937399362588,
  "test_dir_loss": -0.014353837866287727,
  "test_reg_loss": 0.14854204008248392,
  "test_dir_acc": 0.4329004329004329,
  "test_reg_acc": 0.948051948051948,
  "test_num_samples": 231,
  "test_pred_rows": 231,
  "latent_rows_train": 1239,
  "latent_rows_val": 232,
  "latent_rows_test": 232,
  "latent_rows_all": 1703
}