{
  "fold": "fold8",
  "variant": "gating",
  "best_epoch": 53,
  "best_val_total_loss": 1.5271650265003074,
  "test_total_loss": 1.7812219288038171,
  "test_dir_loss": 0.8304350837584464,
  "test_reg_loss": 0.43146264682645386,
  "test_dir_acc": 0.43548387096774194,
  "test_reg_acc": 0.8260869565217391,
  "test_num_samples": 92,
  "dir_label_mode": "vol_threshold",
  "dir_vol_k": 0.75,
  "dir_vol_col": "rolling_vol_20",
  "dir_ignore_index": -1,
  "val_pred_rows": 232,
  "test_pred_rows": 92,
  "val_dir_event_count": 175.0,
  "val_dir_coverage": 0.7543103448275862,
  "val_dir_acc_event": 0.6114285714285714,
  "val_dir_mae_event": 0.38857142857142857,
  "val_dir_up_rate_event": 0.6857142857142857,
  "val_dir_pred_up_rate_event": 0.8457142857142858,
  "val_dir_majority_acc_event": 0.6857142857142857,
  "val_dir_acc_minus_majority_event": -0.07428571428571429,
  "test_dir_event_count": 62.0,
  "test_dir_coverage": 0.6739130434782609,
  "test_dir_acc_event": 0.43548387096774194,
  "test_dir_mae_event": 0.5645161290322581,
  "test_dir_up_rate_event": 0.6290322580645161,
  "test_dir_pred_up_rate_event": 0.5161290322580645,
  "test_dir_majority_acc_event": 0.6290322580645161,
  "test_dir_acc_minus_majority_event": -0.1935483870967742,
  "latent_rows_train": 1239,
  "latent_rows_val": 233,
  "latent_rows_test": 93,
  "latent_rows_all": 1565
}