{
  "fold": "fold8",
  "variant": "gating",
  "best_epoch": 10,
  "best_val_total_loss": 1.467751731132639,
  "test_total_loss": 1.710807486720707,
  "test_dir_loss": 0.8199677324813345,
  "test_reg_loss": 0.9154079763785653,
  "test_dir_acc": 0.4057971014492754,
  "test_reg_acc": 0.75,
  "test_num_samples": 92,
  "dir_label_mode": "vol_threshold",
  "dir_vol_k": 0.5,
  "dir_vol_col": "rolling_vol_20",
  "dir_ignore_index": -1,
  "val_pred_rows": 232,
  "test_pred_rows": 92,
  "val_dir_event_count": 205.0,
  "val_dir_coverage": 0.8836206896551724,
  "val_dir_acc_event": 0.7560975609756098,
  "val_dir_mae_event": 0.24390243902439024,
  "val_dir_up_rate_event": 0.7560975609756098,
  "val_dir_pred_up_rate_event": 1.0,
  "val_dir_majority_acc_event": 0.7560975609756098,
  "val_dir_acc_minus_majority_event": 0.0,
  "test_dir_event_count": 69.0,
  "test_dir_coverage": 0.75,
  "test_dir_acc_event": 0.4057971014492754,
  "test_dir_mae_event": 0.5942028985507246,
  "test_dir_up_rate_event": 0.5942028985507246,
  "test_dir_pred_up_rate_event": 0.6666666666666666,
  "test_dir_majority_acc_event": 0.5942028985507246,
  "test_dir_acc_minus_majority_event": -0.18840579710144922,
  "latent_rows_train": 1239,
  "latent_rows_val": 233,
  "latent_rows_test": 93,
  "latent_rows_all": 1565
}