{
  "fold": "fold8",
  "variant": "gating",
  "best_epoch": 53,
  "best_val_total_loss": 1.4779729164879898,
  "test_total_loss": 1.7995575251786604,
  "test_dir_loss": 0.8307586506009101,
  "test_reg_loss": 0.46471687049969385,
  "test_dir_acc": 0.35,
  "test_reg_acc": 0.8260869565217391,
  "test_num_samples": 92,
  "dir_label_mode": "vol_threshold",
  "dir_vol_k": 0.25,
  "dir_vol_col": "rolling_vol_20",
  "dir_ignore_index": -1,
  "val_pred_rows": 232,
  "test_pred_rows": 92,
  "val_dir_event_count": 212.0,
  "val_dir_coverage": 0.9137931034482759,
  "val_dir_acc_event": 0.6509433962264151,
  "val_dir_mae_event": 0.3490566037735849,
  "val_dir_up_rate_event": 0.6839622641509434,
  "val_dir_pred_up_rate_event": 0.8537735849056604,
  "val_dir_majority_acc_event": 0.6839622641509434,
  "val_dir_acc_minus_majority_event": -0.03301886792452835,
  "test_dir_event_count": 80.0,
  "test_dir_coverage": 0.8695652173913043,
  "test_dir_acc_event": 0.35,
  "test_dir_mae_event": 0.65,
  "test_dir_up_rate_event": 0.6125,
  "test_dir_pred_up_rate_event": 0.4625,
  "test_dir_majority_acc_event": 0.6125,
  "test_dir_acc_minus_majority_event": -0.26250000000000007,
  "latent_rows_train": 1239,
  "latent_rows_val": 233,
  "latent_rows_test": 93,
  "latent_rows_all": 1565
}