{
  "fold": "fold6",
  "variant": "gating",
  "best_epoch": 2,
  "best_val_total_loss": 1.1402034261525968,
  "test_total_loss": 2.2376540089066412,
  "test_dir_loss": 0.8005288579247215,
  "test_reg_loss": 2.2221048125972995,
  "test_dir_acc": 0.4727272727272727,
  "test_reg_acc": 0.31601731601731603,
  "test_num_samples": 231,
  "dir_label_mode": "vol_threshold",
  "dir_vol_k": 1.25,
  "dir_vol_col": "rolling_vol_20",
  "dir_ignore_index": -1,
  "val_pred_rows": 231,
  "test_pred_rows": 231,
  "val_dir_event_count": 49.0,
  "val_dir_coverage": 0.21212121212121213,
  "val_dir_acc_event": 0.8571428571428571,
  "val_dir_mae_event": 0.14285714285714285,
  "val_dir_up_rate_event": 0.8571428571428571,
  "val_dir_pred_up_rate_event": 1.0,
  "val_dir_majority_acc_event": 0.8571428571428571,
  "val_dir_acc_minus_majority_event": 0.0,
  "test_dir_event_count": 55.0,
  "test_dir_coverage": 0.23809523809523808,
  "test_dir_acc_event": 0.4727272727272727,
  "test_dir_mae_event": 0.5272727272727272,
  "test_dir_up_rate_event": 0.4,
  "test_dir_pred_up_rate_event": 0.8909090909090909,
  "test_dir_majority_acc_event": 0.6,
  "test_dir_acc_minus_majority_event": -0.12727272727272726,
  "latent_rows_train": 1239,
  "latent_rows_val": 232,
  "latent_rows_test": 232,
  "latent_rows_all": 1703
}