{
  "fold": "fold2",
  "variant": "gating",
  "best_epoch": 24,
  "best_val_total_loss": 1.3954162926509464,
  "test_total_loss": 1.3986310342262531,
  "test_dir_loss": 0.6640701112293061,
  "test_reg_loss": 0.2164687678731721,
  "test_dir_acc": 0.5952380952380952,
  "test_reg_acc": 0.9008620689655172,
  "test_num_samples": 232,
  "dir_label_mode": "vol_threshold",
  "dir_vol_k": 0.25,
  "dir_vol_col": "rolling_vol_20",
  "dir_ignore_index": -1,
  "val_pred_rows": 232,
  "test_pred_rows": 232,
  "val_dir_event_count": 208.0,
  "val_dir_coverage": 0.896551724137931,
  "val_dir_acc_event": 0.625,
  "val_dir_mae_event": 0.375,
  "val_dir_up_rate_event": 0.7163461538461539,
  "val_dir_pred_up_rate_event": 0.8509615384615384,
  "val_dir_majority_acc_event": 0.7163461538461539,
  "val_dir_acc_minus_majority_event": -0.09134615384615385,
  "test_dir_event_count": 210.0,
  "test_dir_coverage": 0.9051724137931034,
  "test_dir_acc_event": 0.5952380952380952,
  "test_dir_mae_event": 0.40476190476190477,
  "test_dir_up_rate_event": 0.6952380952380952,
  "test_dir_pred_up_rate_event": 0.8142857142857143,
  "test_dir_majority_acc_event": 0.6952380952380952,
  "test_dir_acc_minus_majority_event": -0.09999999999999998,
  "latent_rows_train": 1240,
  "latent_rows_val": 233,
  "latent_rows_test": 233,
  "latent_rows_all": 1706
}