{
  "fold": "fold8",
  "variant": "gating",
  "best_epoch": 93,
  "best_val_total_loss": 1.5048634430457806,
  "test_total_loss": 1.6570486478183581,
  "test_dir_loss": 0.8066083536117892,
  "test_reg_loss": 0.4469586772763211,
  "test_dir_acc": 0.4810126582278481,
  "test_reg_acc": 0.8369565217391305,
  "test_num_samples": 92,
  "dir_label_mode": "vol_threshold",
  "dir_vol_k": 0.25,
  "dir_vol_col": "rolling_vol_20",
  "dir_ignore_index": -1,
  "val_pred_rows": 232,
  "test_pred_rows": 92,
  "val_dir_event_count": 216.0,
  "val_dir_coverage": 0.9310344827586207,
  "val_dir_acc_event": 0.6388888888888888,
  "val_dir_mae_event": 0.3611111111111111,
  "val_dir_up_rate_event": 0.7268518518518519,
  "val_dir_pred_up_rate_event": 0.8657407407407407,
  "val_dir_majority_acc_event": 0.7268518518518519,
  "val_dir_acc_minus_majority_event": -0.08796296296296302,
  "test_dir_event_count": 79.0,
  "test_dir_coverage": 0.8586956521739131,
  "test_dir_acc_event": 0.4810126582278481,
  "test_dir_mae_event": 0.5189873417721519,
  "test_dir_up_rate_event": 0.6455696202531646,
  "test_dir_pred_up_rate_event": 0.7088607594936709,
  "test_dir_majority_acc_event": 0.6455696202531646,
  "test_dir_acc_minus_majority_event": -0.16455696202531644,
  "latent_rows_train": 1239,
  "latent_rows_val": 233,
  "latent_rows_test": 93,
  "latent_rows_all": 1565
}