{
  "fold": "fold2",
  "variant": "gating",
  "best_epoch": 9,
  "best_val_total_loss": 1.7699705115680038,
  "test_total_loss": 1.5760931722049056,
  "test_dir_loss": 0.7700962693918318,
  "test_reg_loss": 0.3967156821283801,
  "test_dir_acc": 0.47619047619047616,
  "test_reg_acc": 0.9181034482758621,
  "test_num_samples": 232,
  "dir_label_mode": "vol_threshold",
  "dir_vol_k": 1.5,
  "dir_vol_col": "rolling_vol_20",
  "dir_ignore_index": -1,
  "val_pred_rows": 232,
  "test_pred_rows": 232,
  "val_dir_event_count": 27.0,
  "val_dir_coverage": 0.11637931034482758,
  "val_dir_acc_event": 0.5555555555555556,
  "val_dir_mae_event": 0.4444444444444444,
  "val_dir_up_rate_event": 0.6296296296296297,
  "val_dir_pred_up_rate_event": 0.9259259259259259,
  "val_dir_majority_acc_event": 0.6296296296296297,
  "val_dir_acc_minus_majority_event": -0.07407407407407407,
  "test_dir_event_count": 42.0,
  "test_dir_coverage": 0.1810344827586207,
  "test_dir_acc_event": 0.47619047619047616,
  "test_dir_mae_event": 0.5238095238095238,
  "test_dir_up_rate_event": 0.42857142857142855,
  "test_dir_pred_up_rate_event": 0.8571428571428571,
  "test_dir_majority_acc_event": 0.5714285714285714,
  "test_dir_acc_minus_majority_event": -0.09523809523809523,
  "latent_rows_train": 1240,
  "latent_rows_val": 233,
  "latent_rows_test": 233,
  "latent_rows_all": 1706
}