{
  "fold": "fold5",
  "variant": "gating",
  "best_epoch": 13,
  "best_val_total_loss": 1.8667479794600914,
  "test_total_loss": 2.1590755274801543,
  "test_dir_loss": 0.9735566353311345,
  "test_reg_loss": 0.7046789543711262,
  "test_dir_acc": 0.30612244897959184,
  "test_reg_acc": 0.7489177489177489,
  "test_num_samples": 231,
  "dir_label_mode": "vol_threshold",
  "dir_vol_k": 1.25,
  "dir_vol_col": "rolling_vol_20",
  "dir_ignore_index": -1,
  "val_pred_rows": 232,
  "test_pred_rows": 231,
  "val_dir_event_count": 35.0,
  "val_dir_coverage": 0.15086206896551724,
  "val_dir_acc_event": 0.6285714285714286,
  "val_dir_mae_event": 0.37142857142857144,
  "val_dir_up_rate_event": 0.6571428571428571,
  "val_dir_pred_up_rate_event": 0.45714285714285713,
  "val_dir_majority_acc_event": 0.6571428571428571,
  "val_dir_acc_minus_majority_event": -0.02857142857142858,
  "test_dir_event_count": 49.0,
  "test_dir_coverage": 0.21212121212121213,
  "test_dir_acc_event": 0.30612244897959184,
  "test_dir_mae_event": 0.6938775510204082,
  "test_dir_up_rate_event": 0.8571428571428571,
  "test_dir_pred_up_rate_event": 0.16326530612244897,
  "test_dir_majority_acc_event": 0.8571428571428571,
  "test_dir_acc_minus_majority_event": -0.5510204081632653,
  "latent_rows_train": 1239,
  "latent_rows_val": 233,
  "latent_rows_test": 232,
  "latent_rows_all": 1704
}