{
  "fold": "fold5",
  "variant": "gating",
  "best_epoch": 17,
  "best_val_total_loss": 1.5966726952585681,
  "test_total_loss": 1.8408780634661257,
  "test_dir_loss": 0.8881707781493061,
  "test_reg_loss": 0.2144753783941269,
  "test_dir_acc": 0.2474747474747475,
  "test_reg_acc": 0.974025974025974,
  "test_num_samples": 231,
  "dir_label_mode": "vol_threshold",
  "dir_vol_k": 0.5,
  "dir_vol_col": "rolling_vol_20",
  "dir_ignore_index": -1,
  "val_pred_rows": 232,
  "test_pred_rows": 231,
  "val_dir_event_count": 188.0,
  "val_dir_coverage": 0.8103448275862069,
  "val_dir_acc_event": 0.5372340425531915,
  "val_dir_mae_event": 0.4627659574468085,
  "val_dir_up_rate_event": 0.6861702127659575,
  "val_dir_pred_up_rate_event": 0.425531914893617,
  "val_dir_majority_acc_event": 0.6861702127659575,
  "val_dir_acc_minus_majority_event": -0.14893617021276595,
  "test_dir_event_count": 198.0,
  "test_dir_coverage": 0.8571428571428571,
  "test_dir_acc_event": 0.2474747474747475,
  "test_dir_mae_event": 0.7525252525252525,
  "test_dir_up_rate_event": 0.7828282828282829,
  "test_dir_pred_up_rate_event": 0.030303030303030304,
  "test_dir_majority_acc_event": 0.7828282828282829,
  "test_dir_acc_minus_majority_event": -0.5353535353535354,
  "latent_rows_train": 1239,
  "latent_rows_val": 233,
  "latent_rows_test": 232,
  "latent_rows_all": 1704
}