{
  "fold": "fold1",
  "variant": "gating",
  "best_epoch": 41,
  "best_val_total_loss": 1.373116195720175,
  "test_total_loss": 1.2816192076123993,
  "test_dir_loss": 0.6056418312337114,
  "test_reg_loss": 0.2726320220992483,
  "test_dir_acc": 0.694300518134715,
  "test_reg_acc": 0.8879310344827587,
  "test_num_samples": 232,
  "dir_label_mode": "vol_threshold",
  "dir_vol_k": 0.5,
  "dir_vol_col": "rolling_vol_20",
  "dir_ignore_index": -1,
  "val_pred_rows": 230,
  "test_pred_rows": 232,
  "val_dir_event_count": 187.0,
  "val_dir_coverage": 0.8130434782608695,
  "val_dir_acc_event": 0.6631016042780749,
  "val_dir_mae_event": 0.33689839572192515,
  "val_dir_up_rate_event": 0.6310160427807486,
  "val_dir_pred_up_rate_event": 0.7112299465240641,
  "val_dir_majority_acc_event": 0.6310160427807486,
  "val_dir_acc_minus_majority_event": 0.03208556149732622,
  "test_dir_event_count": 193.0,
  "test_dir_coverage": 0.8318965517241379,
  "test_dir_acc_event": 0.694300518134715,
  "test_dir_mae_event": 0.30569948186528495,
  "test_dir_up_rate_event": 0.7150259067357513,
  "test_dir_pred_up_rate_event": 0.917098445595855,
  "test_dir_majority_acc_event": 0.7150259067357513,
  "test_dir_acc_minus_majority_event": -0.020725388601036232,
  "latent_rows_train": 1241,
  "latent_rows_val": 231,
  "latent_rows_test": 233,
  "latent_rows_all": 1705
}