strategy,total_return,annualized_return,annualized_volatility,sharpe_ratio,sortino_ratio,calmar_ratio,max_drawdown,turnover,annualized_turnover,average_holding_time_days
buy_hold,1.0031316764189238,0.10707811286599145,0.17608527276070032,0.6081037396665789,0.6904732815999463,0.3139683552004408,-0.3410474689324394,,,
momentum_126,0.4512123510717143,0.05604323464701877,0.1218502468081045,0.4599353396081199,0.4761802754959793,0.25770825665534,-0.21746774967311666,,,
rl_tdqn_stitched,0.0008033886260936374,0.00011759706664404845,0.16656563358318582,0.00070601038229965,0.000850979346267866,0.00027695262960594443,-0.42461076037215706,270.88512775172615,39.664760135639156,11.26086956521739
