{
  "fold": "fold1",
  "variant": "no_gating",
  "best_epoch": 79,
  "best_val_total_loss": 1.0152763345967168,
  "test_total_loss": 1.0397158778946975,
  "test_dir_loss": 0.47439495551175087,
  "test_reg_loss": 0.1515003359266396,
  "test_ret_loss": 0.0909516688050895,
  "test_dir_acc": 0.47413793103448276,
  "test_reg_acc": 0.9396551724137931,
  "test_num_samples": 232,
  "test_pred_rows": 232,
  "latent_rows_train": 1241,
  "latent_rows_val": 231,
  "latent_rows_test": 233,
  "latent_rows_all": 1705
}