{
  "fold": "fold5",
  "variant": "gating",
  "best_epoch": 17,
  "best_val_total_loss": 1.6705284118652344,
  "test_total_loss": 2.373151543852571,
  "test_dir_loss": 1.1026274855457134,
  "test_reg_loss": 0.6276527484516045,
  "test_dir_acc": 0.2835820895522388,
  "test_reg_acc": 0.7575757575757576,
  "test_num_samples": 231,
  "dir_label_mode": "vol_threshold",
  "dir_vol_k": 1.0,
  "dir_vol_col": "rolling_vol_20",
  "dir_ignore_index": -1,
  "val_pred_rows": 232,
  "test_pred_rows": 231,
  "val_dir_event_count": 62.0,
  "val_dir_coverage": 0.2672413793103448,
  "val_dir_acc_event": 0.6774193548387096,
  "val_dir_mae_event": 0.3225806451612903,
  "val_dir_up_rate_event": 0.6612903225806451,
  "val_dir_pred_up_rate_event": 0.46774193548387094,
  "val_dir_majority_acc_event": 0.6612903225806451,
  "val_dir_acc_minus_majority_event": 0.016129032258064502,
  "test_dir_event_count": 67.0,
  "test_dir_coverage": 0.29004329004329005,
  "test_dir_acc_event": 0.2835820895522388,
  "test_dir_mae_event": 0.7164179104477612,
  "test_dir_up_rate_event": 0.835820895522388,
  "test_dir_pred_up_rate_event": 0.11940298507462686,
  "test_dir_majority_acc_event": 0.835820895522388,
  "test_dir_acc_minus_majority_event": -0.5522388059701493,
  "latent_rows_train": 1239,
  "latent_rows_val": 233,
  "latent_rows_test": 232,
  "latent_rows_all": 1704
}