{
  "fold": "fold8",
  "variant": "gating",
  "best_epoch": 51,
  "best_val_total_loss": 1.8352265594334438,
  "test_total_loss": 5.562210995218028,
  "test_dir_loss": 0.932827215445669,
  "test_reg_loss": 0.9290243905523549,
  "test_dir_acc": 0.631578947368421,
  "test_reg_acc": 0.6304347826086957,
  "test_num_samples": 92,
  "dir_label_mode": "vol_threshold",
  "dir_vol_k": 1.5,
  "dir_vol_col": "rolling_vol_20",
  "dir_ignore_index": -1,
  "val_pred_rows": 232,
  "test_pred_rows": 92,
  "val_dir_event_count": 28.0,
  "val_dir_coverage": 0.1206896551724138,
  "val_dir_acc_event": 0.5,
  "val_dir_mae_event": 0.5,
  "val_dir_up_rate_event": 0.42857142857142855,
  "val_dir_pred_up_rate_event": 0.8571428571428571,
  "val_dir_majority_acc_event": 0.5714285714285714,
  "val_dir_acc_minus_majority_event": -0.0714285714285714,
  "test_dir_event_count": 19.0,
  "test_dir_coverage": 0.20652173913043478,
  "test_dir_acc_event": 0.631578947368421,
  "test_dir_mae_event": 0.3684210526315789,
  "test_dir_up_rate_event": 0.15789473684210525,
  "test_dir_pred_up_rate_event": 0.42105263157894735,
  "test_dir_majority_acc_event": 0.8421052631578947,
  "test_dir_acc_minus_majority_event": -0.21052631578947367,
  "latent_rows_train": 1239,
  "latent_rows_val": 233,
  "latent_rows_test": 93,
  "latent_rows_all": 1565
}