{
  "fold": "fold2",
  "variant": "gating",
  "best_epoch": 63,
  "best_val_total_loss": 0.9976662438491295,
  "test_total_loss": 0.9919970713812729,
  "test_dir_loss": 0.45420288320245417,
  "test_reg_loss": 0.12916277657295094,
  "test_ret_loss": 0.08968489951100843,
  "test_dir_acc": 0.49137931034482757,
  "test_reg_acc": 0.9353448275862069,
  "test_num_samples": 232,
  "test_pred_rows": 232,
  "latent_rows_train": 1240,
  "latent_rows_val": 233,
  "latent_rows_test": 233,
  "latent_rows_all": 1706
}