,state_0,state_1,state_2,state_3
state_0,0.9655266043922006,1.1738847711176254e-181,0.0,0.03447339560779941
state_1,7.283913641268183e-227,0.9694800954261577,0.007598239074631748,0.022921665499210528
state_2,0.0,0.01852187380458157,0.9814781261954184,8.03416923219136e-248
state_3,0.015065770985268423,0.02137867229995472,2.5662936985991765e-28,0.9635555567147769
