{
  "fold": "fold3",
  "variant": "gating",
  "best_epoch": 62,
  "best_val_total_loss": 1.224648903156149,
  "test_total_loss": 1.7206812315973743,
  "test_dir_loss": 0.7875307070303567,
  "test_reg_loss": 0.3717336541619794,
  "test_dir_acc": 0.5759493670886076,
  "test_reg_acc": 0.8491379310344828,
  "test_num_samples": 232,
  "dir_label_mode": "vol_threshold",
  "dir_vol_k": 0.75,
  "dir_vol_col": "rolling_vol_20",
  "dir_ignore_index": -1,
  "val_pred_rows": 232,
  "test_pred_rows": 232,
  "val_dir_event_count": 175.0,
  "val_dir_coverage": 0.7543103448275862,
  "val_dir_acc_event": 0.6685714285714286,
  "val_dir_mae_event": 0.3314285714285714,
  "val_dir_up_rate_event": 0.6685714285714286,
  "val_dir_pred_up_rate_event": 1.0,
  "val_dir_majority_acc_event": 0.6685714285714286,
  "val_dir_acc_minus_majority_event": 0.0,
  "test_dir_event_count": 158.0,
  "test_dir_coverage": 0.6810344827586207,
  "test_dir_acc_event": 0.5759493670886076,
  "test_dir_mae_event": 0.4240506329113924,
  "test_dir_up_rate_event": 0.5759493670886076,
  "test_dir_pred_up_rate_event": 1.0,
  "test_dir_majority_acc_event": 0.5759493670886076,
  "test_dir_acc_minus_majority_event": 0.0,
  "latent_rows_train": 1239,
  "latent_rows_val": 233,
  "latent_rows_test": 233,
  "latent_rows_all": 1705
}