{
  "fold": "fold6",
  "variant": "gating",
  "best_epoch": 2,
  "best_val_total_loss": 1.1436230300308823,
  "test_total_loss": 2.1419756918242485,
  "test_dir_loss": 0.7625422022844616,
  "test_reg_loss": 2.173929352780957,
  "test_dir_acc": 0.5131578947368421,
  "test_reg_acc": 0.31601731601731603,
  "test_num_samples": 231,
  "dir_label_mode": "vol_threshold",
  "dir_vol_k": 1.0,
  "dir_vol_col": "rolling_vol_20",
  "dir_ignore_index": -1,
  "val_pred_rows": 231,
  "test_pred_rows": 231,
  "val_dir_event_count": 67.0,
  "val_dir_coverage": 0.29004329004329005,
  "val_dir_acc_event": 0.835820895522388,
  "val_dir_mae_event": 0.16417910447761194,
  "val_dir_up_rate_event": 0.835820895522388,
  "val_dir_pred_up_rate_event": 1.0,
  "val_dir_majority_acc_event": 0.835820895522388,
  "val_dir_acc_minus_majority_event": 0.0,
  "test_dir_event_count": 76.0,
  "test_dir_coverage": 0.329004329004329,
  "test_dir_acc_event": 0.5131578947368421,
  "test_dir_mae_event": 0.4868421052631579,
  "test_dir_up_rate_event": 0.4473684210526316,
  "test_dir_pred_up_rate_event": 0.9078947368421053,
  "test_dir_majority_acc_event": 0.5526315789473684,
  "test_dir_acc_minus_majority_event": -0.039473684210526216,
  "latent_rows_train": 1239,
  "latent_rows_val": 232,
  "latent_rows_test": 232,
  "latent_rows_all": 1703
}