strategy,total_return,annualized_return,annualized_volatility,sharpe_ratio,sortino_ratio,calmar_ratio,max_drawdown,turnover,annualized_turnover,average_holding_time_days
buy_hold,1.0031316764189238,0.10707811286599145,0.17608527276070032,0.6081037396665789,0.6904732815999463,0.3139683552004408,-0.3410474689324394,,,
momentum_126,0.4512123510717143,0.05604323464701877,0.1218502468081045,0.4599353396081199,0.4761802754959793,0.25770825665534,-0.21746774967311666,,,
rl_tdqn_stitched,-0.03553770043769777,-0.005284363115235835,0.16416431103938686,-0.0321894757866586,-0.038294224087282475,-0.011088201049260251,-0.4765753337046843,255.05737028131628,37.34715706617763,11.125925925925927
