{
  "fold": "fold1",
  "variant": "gating",
  "best_epoch": 23,
  "best_val_total_loss": 1.261057268536609,
  "test_total_loss": 1.3318920690437843,
  "test_dir_loss": 0.6311802358796754,
  "test_reg_loss": 0.3492484000222436,
  "test_dir_acc": 0.8071065989847716,
  "test_reg_acc": 0.8836206896551724,
  "test_num_samples": 232,
  "dir_label_mode": "vol_threshold",
  "dir_vol_k": 0.75,
  "dir_vol_col": "rolling_vol_20",
  "dir_ignore_index": -1,
  "val_pred_rows": 230,
  "test_pred_rows": 232,
  "val_dir_event_count": 189.0,
  "val_dir_coverage": 0.8217391304347826,
  "val_dir_acc_event": 0.6349206349206349,
  "val_dir_mae_event": 0.36507936507936506,
  "val_dir_up_rate_event": 0.6296296296296297,
  "val_dir_pred_up_rate_event": 0.9735449735449735,
  "val_dir_majority_acc_event": 0.6296296296296297,
  "val_dir_acc_minus_majority_event": 0.005291005291005235,
  "test_dir_event_count": 197.0,
  "test_dir_coverage": 0.8491379310344828,
  "test_dir_acc_event": 0.8071065989847716,
  "test_dir_mae_event": 0.19289340101522842,
  "test_dir_up_rate_event": 0.8071065989847716,
  "test_dir_pred_up_rate_event": 1.0,
  "test_dir_majority_acc_event": 0.8071065989847716,
  "test_dir_acc_minus_majority_event": 0.0,
  "latent_rows_train": 1241,
  "latent_rows_val": 231,
  "latent_rows_test": 233,
  "latent_rows_all": 1705
}