{
  "fold": "fold1",
  "variant": "gating",
  "best_epoch": 28,
  "best_val_total_loss": 1.4556011179219122,
  "test_total_loss": 1.3930537412906516,
  "test_dir_loss": 0.655939782487935,
  "test_reg_loss": 0.27058060595701483,
  "test_dir_acc": 0.625,
  "test_reg_acc": 0.8577586206896551,
  "test_num_samples": 232,
  "test_pred_rows": 232,
  "latent_rows_train": 1241,
  "latent_rows_val": 231,
  "latent_rows_test": 233,
  "latent_rows_all": 1705
}