{
  "fold": "fold1",
  "variant": "gating",
  "best_epoch": 100,
  "best_val_total_loss": -0.04338385132343873,
  "test_total_loss": -0.04937739259210126,
  "test_dir_loss": -0.03612245670680342,
  "test_reg_loss": 0.07622507047550432,
  "test_dir_acc": 0.5689655172413793,
  "test_reg_acc": 0.9827586206896551,
  "test_num_samples": 232,
  "test_pred_rows": 232,
  "latent_rows_train": 1241,
  "latent_rows_val": 231,
  "latent_rows_test": 233,
  "latent_rows_all": 1705
}