{
  "fold": "fold1",
  "variant": "gating",
  "best_epoch": 46,
  "best_val_total_loss": 1.544002396127452,
  "test_total_loss": 1.3297370795545906,
  "test_dir_loss": 0.6448236868299287,
  "test_reg_loss": 0.13363229727436757,
  "test_dir_acc": 0.603448275862069,
  "test_reg_acc": 0.9655172413793104,
  "test_num_samples": 232,
  "test_pred_rows": 232,
  "latent_rows_train": 1241,
  "latent_rows_val": 231,
  "latent_rows_test": 233,
  "latent_rows_all": 1705
}