{
  "fold": "fold1",
  "variant": "gating",
  "best_epoch": 69,
  "best_val_total_loss": 0.6788737908653592,
  "test_total_loss": 0.8071083652562109,
  "test_dir_loss": 1.1019646545936321,
  "test_reg_loss": 0.22514411062002182,
  "test_ret_loss": 0.10327313223789478,
  "test_dir_acc": 0.4353448275862069,
  "test_reg_acc": 0.8879310344827587,
  "test_num_samples": 232,
  "latent_rows_train": 1241,
  "latent_rows_val": 231,
  "latent_rows_test": 233,
  "latent_rows_all": 1705
}