{
  "fold": "fold1",
  "variant": "gating",
  "best_epoch": 78,
  "best_val_total_loss": 0.791622517419898,
  "test_total_loss": 0.8153950284267294,
  "test_dir_loss": 0.44376776033434373,
  "test_reg_loss": 0.35142059213128585,
  "test_ret_loss": 0.08863447336801167,
  "test_dir_acc": 0.5689655172413793,
  "test_reg_acc": 0.8448275862068966,
  "test_num_samples": 232,
  "test_pred_rows": 232,
  "latent_rows_train": 1241,
  "latent_rows_val": 231,
  "latent_rows_test": 233,
  "latent_rows_all": 1705
}