{
  "fold": "fold1",
  "variant": "gating",
  "best_epoch": 56,
  "best_val_total_loss": 0.2720524324023205,
  "test_total_loss": 0.2838884057669804,
  "test_dir_loss": 0.10181793108068664,
  "test_reg_loss": 0.12612230407780614,
  "test_ret_loss": 0.21207926011291042,
  "test_dir_acc": 0.5775862068965517,
  "test_reg_acc": 0.9353448275862069,
  "test_num_samples": 232,
  "test_pred_rows": 232,
  "latent_rows_train": 1241,
  "latent_rows_val": 231,
  "latent_rows_test": 233,
  "latent_rows_all": 1705
}