{
  "fold": "fold1",
  "variant": "gating",
  "best_epoch": 23,
  "best_val_total_loss": 2.0502425649891727,
  "test_total_loss": 1.3382892382555995,
  "test_dir_loss": 0.6309190702438354,
  "test_reg_loss": 0.49283048921617967,
  "test_dir_acc": 0.6666666666666666,
  "test_reg_acc": 0.8448275862068966,
  "test_num_samples": 232,
  "dir_label_mode": "vol_threshold",
  "dir_vol_k": 1.0,
  "dir_vol_col": "rolling_vol_20",
  "dir_ignore_index": -1,
  "val_pred_rows": 230,
  "test_pred_rows": 232,
  "val_dir_event_count": 69.0,
  "val_dir_coverage": 0.3,
  "val_dir_acc_event": 0.5217391304347826,
  "val_dir_mae_event": 0.4782608695652174,
  "val_dir_up_rate_event": 0.5217391304347826,
  "val_dir_pred_up_rate_event": 1.0,
  "val_dir_majority_acc_event": 0.5217391304347826,
  "val_dir_acc_minus_majority_event": 0.0,
  "test_dir_event_count": 75.0,
  "test_dir_coverage": 0.3232758620689655,
  "test_dir_acc_event": 0.6666666666666666,
  "test_dir_mae_event": 0.3333333333333333,
  "test_dir_up_rate_event": 0.6666666666666666,
  "test_dir_pred_up_rate_event": 1.0,
  "test_dir_majority_acc_event": 0.6666666666666666,
  "test_dir_acc_minus_majority_event": 0.0,
  "latent_rows_train": 1241,
  "latent_rows_val": 231,
  "latent_rows_test": 233,
  "latent_rows_all": 1705
}