{
  "fold": "fold2",
  "variant": "no_sentiment",
  "best_epoch": 36,
  "best_val_total_loss": 0.0036781062482422666,
  "test_total_loss": 0.027737841732671548,
  "test_dir_loss": 0.7096553074902502,
  "test_reg_loss": 0.027737841732671548,
  "test_dir_acc": 0.5387931034482759,
  "test_reg_acc": 0.9913793103448276,
  "test_num_samples": 232,
  "test_pred_rows": 232,
  "latent_rows_train": 1240,
  "latent_rows_val": 233,
  "latent_rows_test": 233,
  "latent_rows_all": 1706
}