{
  "fold": "fold6",
  "variant": "gating",
  "best_epoch": 41,
  "best_val_total_loss": 1.3998212943345438,
  "test_total_loss": 2.005335178210106,
  "test_dir_loss": 0.9088527091468374,
  "test_reg_loss": 0.35302598006595975,
  "test_dir_acc": 0.4114583333333333,
  "test_reg_acc": 0.8744588744588745,
  "test_num_samples": 231,
  "dir_label_mode": "vol_threshold",
  "dir_vol_k": 0.5,
  "dir_vol_col": "rolling_vol_20",
  "dir_ignore_index": -1,
  "val_pred_rows": 231,
  "test_pred_rows": 231,
  "val_dir_event_count": 198.0,
  "val_dir_coverage": 0.8571428571428571,
  "val_dir_acc_event": 0.5252525252525253,
  "val_dir_mae_event": 0.47474747474747475,
  "val_dir_up_rate_event": 0.7828282828282829,
  "val_dir_pred_up_rate_event": 0.702020202020202,
  "val_dir_majority_acc_event": 0.7828282828282829,
  "val_dir_acc_minus_majority_event": -0.25757575757575757,
  "test_dir_event_count": 192.0,
  "test_dir_coverage": 0.8311688311688312,
  "test_dir_acc_event": 0.4114583333333333,
  "test_dir_mae_event": 0.5885416666666666,
  "test_dir_up_rate_event": 0.5833333333333334,
  "test_dir_pred_up_rate_event": 0.4947916666666667,
  "test_dir_majority_acc_event": 0.5833333333333334,
  "test_dir_acc_minus_majority_event": -0.17187500000000006,
  "latent_rows_train": 1239,
  "latent_rows_val": 232,
  "latent_rows_test": 232,
  "latent_rows_all": 1703
}