{
  "fold": "fold6",
  "variant": "gating",
  "best_epoch": 30,
  "best_val_total_loss": 1.4944670494500694,
  "test_total_loss": 2.413792907417595,
  "test_dir_loss": 0.9799426867756792,
  "test_reg_loss": 0.39634568218214367,
  "test_dir_acc": 0.43548387096774194,
  "test_reg_acc": 0.8571428571428571,
  "test_num_samples": 231,
  "dir_label_mode": "vol_threshold",
  "dir_vol_k": 0.75,
  "dir_vol_col": "rolling_vol_20",
  "dir_ignore_index": -1,
  "val_pred_rows": 231,
  "test_pred_rows": 231,
  "val_dir_event_count": 194.0,
  "val_dir_coverage": 0.8398268398268398,
  "val_dir_acc_event": 0.5412371134020618,
  "val_dir_mae_event": 0.4587628865979381,
  "val_dir_up_rate_event": 0.8402061855670103,
  "val_dir_pred_up_rate_event": 0.4536082474226804,
  "val_dir_majority_acc_event": 0.8402061855670103,
  "val_dir_acc_minus_majority_event": -0.2989690721649485,
  "test_dir_event_count": 186.0,
  "test_dir_coverage": 0.8051948051948052,
  "test_dir_acc_event": 0.43548387096774194,
  "test_dir_mae_event": 0.5645161290322581,
  "test_dir_up_rate_event": 0.6182795698924731,
  "test_dir_pred_up_rate_event": 0.34408602150537637,
  "test_dir_majority_acc_event": 0.6182795698924731,
  "test_dir_acc_minus_majority_event": -0.1827956989247312,
  "latent_rows_train": 1239,
  "latent_rows_val": 232,
  "latent_rows_test": 232,
  "latent_rows_all": 1703
}