variant,dir_mae,reg_mae
gating,0.5031138042991491,0.06417479166261025
no_gating,0.5140550666225329,0.057437596136996436
no_sentiment,0.5031559909980075,0.06037514927601134
