{
  "fold": "fold4",
  "variant": "gating",
  "best_epoch": 55,
  "best_val_total_loss": 2.0472545623779297,
  "test_total_loss": 1.5543383359909058,
  "test_dir_loss": 0.6865346992888102,
  "test_reg_loss": 0.6132321943496836,
  "test_dir_acc": 0.6829268292682927,
  "test_reg_acc": 0.7241379310344828,
  "test_num_samples": 232,
  "dir_label_mode": "vol_threshold",
  "dir_vol_k": 0.25,
  "dir_vol_col": "rolling_vol_20",
  "dir_ignore_index": -1,
  "val_pred_rows": 232,
  "test_pred_rows": 232,
  "val_dir_event_count": 210.0,
  "val_dir_coverage": 0.9051724137931034,
  "val_dir_acc_event": 0.5142857142857142,
  "val_dir_mae_event": 0.4857142857142857,
  "val_dir_up_rate_event": 0.5142857142857142,
  "val_dir_pred_up_rate_event": 1.0,
  "val_dir_majority_acc_event": 0.5142857142857142,
  "val_dir_acc_minus_majority_event": 0.0,
  "test_dir_event_count": 205.0,
  "test_dir_coverage": 0.8836206896551724,
  "test_dir_acc_event": 0.6829268292682927,
  "test_dir_mae_event": 0.3170731707317073,
  "test_dir_up_rate_event": 0.6731707317073171,
  "test_dir_pred_up_rate_event": 0.9414634146341463,
  "test_dir_majority_acc_event": 0.6731707317073171,
  "test_dir_acc_minus_majority_event": 0.009756097560975618,
  "latent_rows_train": 1239,
  "latent_rows_val": 233,
  "latent_rows_test": 233,
  "latent_rows_all": 1705
}