{
  "fold": "fold8",
  "variant": "gating",
  "best_epoch": 22,
  "best_val_total_loss": 1.756370338900336,
  "test_total_loss": 3.9386263308317764,
  "test_dir_loss": 1.1849240234919958,
  "test_reg_loss": 1.4219411041425623,
  "test_dir_acc": 0.5238095238095238,
  "test_reg_acc": 0.532608695652174,
  "test_num_samples": 92,
  "dir_label_mode": "vol_threshold",
  "dir_vol_k": 1.25,
  "dir_vol_col": "rolling_vol_20",
  "dir_ignore_index": -1,
  "val_pred_rows": 232,
  "test_pred_rows": 92,
  "val_dir_event_count": 46.0,
  "val_dir_coverage": 0.19827586206896552,
  "val_dir_acc_event": 0.5869565217391305,
  "val_dir_mae_event": 0.41304347826086957,
  "val_dir_up_rate_event": 0.6956521739130435,
  "val_dir_pred_up_rate_event": 0.8478260869565217,
  "val_dir_majority_acc_event": 0.6956521739130435,
  "val_dir_acc_minus_majority_event": -0.10869565217391297,
  "test_dir_event_count": 21.0,
  "test_dir_coverage": 0.22826086956521738,
  "test_dir_acc_event": 0.5238095238095238,
  "test_dir_mae_event": 0.47619047619047616,
  "test_dir_up_rate_event": 0.23809523809523808,
  "test_dir_pred_up_rate_event": 0.42857142857142855,
  "test_dir_majority_acc_event": 0.7619047619047619,
  "test_dir_acc_minus_majority_event": -0.23809523809523803,
  "latent_rows_train": 1239,
  "latent_rows_val": 233,
  "latent_rows_test": 93,
  "latent_rows_all": 1565
}