{
  "fold": "fold3",
  "variant": "gating",
  "best_epoch": 14,
  "best_val_total_loss": 1.20944096302164,
  "test_total_loss": 1.3322403595365326,
  "test_dir_loss": 0.5491735821678525,
  "test_reg_loss": 0.9216282696559511,
  "test_dir_acc": 0.8095238095238095,
  "test_reg_acc": 0.5344827586206896,
  "test_num_samples": 232,
  "dir_label_mode": "vol_threshold",
  "dir_vol_k": 1.5,
  "dir_vol_col": "rolling_vol_20",
  "dir_ignore_index": -1,
  "val_pred_rows": 232,
  "test_pred_rows": 232,
  "val_dir_event_count": 42.0,
  "val_dir_coverage": 0.1810344827586207,
  "val_dir_acc_event": 0.7380952380952381,
  "val_dir_mae_event": 0.2619047619047619,
  "val_dir_up_rate_event": 0.42857142857142855,
  "val_dir_pred_up_rate_event": 0.5,
  "val_dir_majority_acc_event": 0.5714285714285714,
  "val_dir_acc_minus_majority_event": 0.16666666666666674,
  "test_dir_event_count": 21.0,
  "test_dir_coverage": 0.09051724137931035,
  "test_dir_acc_event": 0.8095238095238095,
  "test_dir_mae_event": 0.19047619047619047,
  "test_dir_up_rate_event": 0.3333333333333333,
  "test_dir_pred_up_rate_event": 0.5238095238095238,
  "test_dir_majority_acc_event": 0.6666666666666667,
  "test_dir_acc_minus_majority_event": 0.1428571428571428,
  "latent_rows_train": 1239,
  "latent_rows_val": 233,
  "latent_rows_test": 233,
  "latent_rows_all": 1705
}