{
  "fold": "fold5",
  "variant": "no_sentiment",
  "best_epoch": 27,
  "best_val_total_loss": 0.1751834120729874,
  "test_total_loss": 0.011425719084419729,
  "test_dir_loss": 0.7804990472731652,
  "test_reg_loss": 0.011425719084419729,
  "test_dir_acc": 0.6796536796536796,
  "test_reg_acc": 1.0,
  "test_num_samples": 231,
  "test_pred_rows": 231,
  "latent_rows_train": 1239,
  "latent_rows_val": 233,
  "latent_rows_test": 232,
  "latent_rows_all": 1704
}