{
  "fold": "fold1",
  "variant": "gating",
  "best_epoch": 37,
  "best_val_total_loss": 1.504128853134487,
  "test_total_loss": 1.3637560318256248,
  "test_dir_loss": 0.6459941616183833,
  "test_reg_loss": 0.25156768282939646,
  "test_dir_acc": 0.5947368421052631,
  "test_reg_acc": 0.875,
  "test_num_samples": 232,
  "dir_label_mode": "vol_threshold",
  "dir_vol_k": 0.5,
  "dir_vol_col": "rolling_vol_20",
  "dir_ignore_index": -1,
  "val_pred_rows": 230,
  "test_pred_rows": 232,
  "val_dir_event_count": 187.0,
  "val_dir_coverage": 0.8130434782608695,
  "val_dir_acc_event": 0.5668449197860963,
  "val_dir_mae_event": 0.43315508021390375,
  "val_dir_up_rate_event": 0.5935828877005348,
  "val_dir_pred_up_rate_event": 0.8556149732620321,
  "val_dir_majority_acc_event": 0.5935828877005348,
  "val_dir_acc_minus_majority_event": -0.0267379679144385,
  "test_dir_event_count": 190.0,
  "test_dir_coverage": 0.8189655172413793,
  "test_dir_acc_event": 0.5947368421052631,
  "test_dir_mae_event": 0.4052631578947368,
  "test_dir_up_rate_event": 0.6789473684210526,
  "test_dir_pred_up_rate_event": 0.8736842105263158,
  "test_dir_majority_acc_event": 0.6789473684210526,
  "test_dir_acc_minus_majority_event": -0.08421052631578951,
  "latent_rows_train": 1241,
  "latent_rows_val": 231,
  "latent_rows_test": 233,
  "latent_rows_all": 1705
}