{
  "fold": "fold1",
  "variant": "no_sentiment",
  "best_epoch": 28,
  "best_val_total_loss": 1.4485195616017217,
  "test_total_loss": 1.393346987921616,
  "test_dir_loss": 0.6578993715088943,
  "test_reg_loss": 0.2584941199627416,
  "test_dir_acc": 0.625,
  "test_reg_acc": 0.8706896551724138,
  "test_num_samples": 232,
  "test_pred_rows": 232,
  "latent_rows_train": 1241,
  "latent_rows_val": 231,
  "latent_rows_test": 233,
  "latent_rows_all": 1705
}