{
  "fold": "fold1",
  "variant": "no_sentiment",
  "best_epoch": 57,
  "best_val_total_loss": 1.005332344511281,
  "test_total_loss": 1.0453744181271256,
  "test_dir_loss": 0.4662633579352806,
  "test_reg_loss": 0.22619356780216612,
  "test_ret_loss": 0.08997926013223057,
  "test_dir_acc": 0.47844827586206895,
  "test_reg_acc": 0.875,
  "test_num_samples": 232,
  "test_pred_rows": 232,
  "latent_rows_train": 1241,
  "latent_rows_val": 231,
  "latent_rows_test": 233,
  "latent_rows_all": 1705
}