{
  "fold": "fold1",
  "variant": "no_sentiment",
  "best_epoch": 69,
  "best_val_total_loss": 0.6811532077581987,
  "test_total_loss": 0.8415711624868984,
  "test_dir_loss": 1.1006800922854194,
  "test_reg_loss": 0.260569217133111,
  "test_ret_loss": 0.10220629850338245,
  "test_dir_acc": 0.4353448275862069,
  "test_reg_acc": 0.8577586206896551,
  "test_num_samples": 232,
  "latent_rows_train": 1241,
  "latent_rows_val": 231,
  "latent_rows_test": 233,
  "latent_rows_all": 1705
}