{
  "fold": "fold1",
  "variant": "no_sentiment",
  "best_epoch": 46,
  "best_val_total_loss": 1.5201016270596048,
  "test_total_loss": 1.3234384142119309,
  "test_dir_loss": 0.6418801052816983,
  "test_reg_loss": 0.1322607084594924,
  "test_dir_acc": 0.6163793103448276,
  "test_reg_acc": 0.9655172413793104,
  "test_num_samples": 232,
  "test_pred_rows": 232,
  "latent_rows_train": 1241,
  "latent_rows_val": 231,
  "latent_rows_test": 233,
  "latent_rows_all": 1705
}