{
  "fold": "fold1",
  "variant": "no_sentiment",
  "best_epoch": 100,
  "best_val_total_loss": -0.04547664400028146,
  "test_total_loss": -0.04942848482008638,
  "test_dir_loss": -0.03561005921199404,
  "test_reg_loss": 0.07263877518988889,
  "test_dir_acc": 0.5517241379310345,
  "test_reg_acc": 0.9870689655172413,
  "test_num_samples": 232,
  "test_pred_rows": 232,
  "latent_rows_train": 1241,
  "latent_rows_val": 231,
  "latent_rows_test": 233,
  "latent_rows_all": 1705
}