strategy,total_return,annualized_return,annualized_volatility,sharpe_ratio,sortino_ratio,calmar_ratio,max_drawdown,turnover,annualized_turnover,average_holding_time_days
buy_hold,1.0581267313178557,0.10198488927244842,0.1686839845515771,0.6045914171612738,0.6852637390981529,0.29903429452705105,-0.34104746893243953,,,
momentum_126,0.4910547158332117,0.05521859528895812,0.11687692432129192,0.47245079051843886,0.4865381413982328,0.25391624906202925,-0.21746774967311666,,,
rl_tdqn_stitched,-0.18940222743975788,-0.027856539763480126,0.16502793790602097,-0.1687989325743359,-0.21293630895942572,-0.07525352721826122,-0.37016922386490325,21.268152471160057,2.861491950204129,153.0909090909091
