strategy,total_return,annualized_return,annualized_volatility,sharpe_ratio,sortino_ratio,calmar_ratio,max_drawdown,turnover,annualized_turnover,average_holding_time_days
buy_hold,1.0581267313178557,0.10198488927244842,0.1686839845515771,0.6045914171612738,0.6852637390981529,0.29903429452705105,-0.34104746893243953,,,
momentum_126,0.4910547158332117,0.05521859528895812,0.11687692432129192,0.47245079051843886,0.4865381413982328,0.25391624906202925,-0.21746774967311666,,,
rl_tdqn_stitched,0.09155100267590877,0.011855689137868719,0.16502419028641707,0.071842128825428,0.08505298725151911,0.03707152596279131,-0.3198058032401545,371.77884113747393,50.02043137567722,9.146739130434783
