{
  "fold": "fold5",
  "variant": "gating",
  "best_epoch": 64,
  "best_val_total_loss": 1.3731128182904473,
  "test_total_loss": 0.8094184620555861,
  "test_dir_loss": 1.0095801575359329,
  "test_reg_loss": 0.27415070431186006,
  "test_ret_loss": 0.10159229819392745,
  "test_dir_acc": 0.6103896103896104,
  "test_reg_acc": 0.8874458874458875,
  "test_num_samples": 231,
  "latent_rows_train": 1239,
  "latent_rows_val": 233,
  "latent_rows_test": 232,
  "latent_rows_all": 1704
}