{
  "fold": "fold5",
  "variant": "gating",
  "best_epoch": 46,
  "best_val_total_loss": -0.018872243962411224,
  "test_total_loss": 0.03303273554359164,
  "test_dir_loss": 0.013480915909721738,
  "test_reg_loss": 0.02023634718513334,
  "test_dir_acc": 0.3246753246753247,
  "test_reg_acc": 1.0,
  "test_num_samples": 231,
  "test_pred_rows": 231,
  "latent_rows_train": 1239,
  "latent_rows_val": 233,
  "latent_rows_test": 232,
  "latent_rows_all": 1704
}