{
  "fold": "fold5",
  "variant": "gating",
  "best_epoch": 53,
  "best_val_total_loss": 1.0326669791649128,
  "test_total_loss": 0.8187387843668719,
  "test_dir_loss": 0.45488063623378805,
  "test_reg_loss": 0.27455304067952807,
  "test_ret_loss": 0.10810377329458921,
  "test_dir_acc": 0.3463203463203463,
  "test_reg_acc": 0.8744588744588745,
  "test_num_samples": 231,
  "test_pred_rows": 231,
  "latent_rows_train": 1239,
  "latent_rows_val": 233,
  "latent_rows_test": 232,
  "latent_rows_all": 1704
}