{
  "fold": "fold5",
  "variant": "gating",
  "best_epoch": 56,
  "best_val_total_loss": 0.3451445719291424,
  "test_total_loss": 0.3751355004517031,
  "test_dir_loss": 0.14098396349004852,
  "test_reg_loss": 0.14562946861182458,
  "test_ret_loss": 0.2473936364764259,
  "test_dir_acc": 0.35064935064935066,
  "test_reg_acc": 0.9437229437229437,
  "test_num_samples": 231,
  "test_pred_rows": 231,
  "latent_rows_train": 1239,
  "latent_rows_val": 233,
  "latent_rows_test": 232,
  "latent_rows_all": 1704
}