{
  "fold": "fold5",
  "variant": "gating",
  "best_epoch": 56,
  "best_val_total_loss": 0.9537976939102699,
  "test_total_loss": 0.8000344128319712,
  "test_dir_loss": 1.0433812239469389,
  "test_reg_loss": 0.24742874377346658,
  "test_ret_loss": 0.10305017155486268,
  "test_dir_acc": 0.6103896103896104,
  "test_reg_acc": 0.9134199134199135,
  "test_num_samples": 231,
  "latent_rows_train": 1239,
  "latent_rows_val": 233,
  "latent_rows_test": 232,
  "latent_rows_all": 1704
}