{
  "fold": "fold5",
  "variant": "gating",
  "best_epoch": 78,
  "best_val_total_loss": 1.3932312726974487,
  "test_total_loss": 1.7126130789389342,
  "test_dir_loss": 0.8522040800098732,
  "test_reg_loss": 0.027349805491633745,
  "test_dir_acc": 0.329004329004329,
  "test_reg_acc": 0.9913419913419913,
  "test_num_samples": 231,
  "test_pred_rows": 231,
  "latent_rows_train": 1239,
  "latent_rows_val": 233,
  "latent_rows_test": 232,
  "latent_rows_all": 1704
}