{
  "fold": "fold5",
  "variant": "gating",
  "best_epoch": 41,
  "best_val_total_loss": 1.631642407384412,
  "test_total_loss": 2.197284675779797,
  "test_dir_loss": 1.0713206854733555,
  "test_reg_loss": 0.18214448731699032,
  "test_dir_acc": 0.3203463203463203,
  "test_reg_acc": 0.974025974025974,
  "test_num_samples": 231,
  "test_pred_rows": 231,
  "latent_rows_train": 1239,
  "latent_rows_val": 233,
  "latent_rows_test": 232,
  "latent_rows_all": 1704
}