{
  "fold": "fold2",
  "variant": "gating",
  "best_epoch": 12,
  "best_val_total_loss": 1.4920404573966717,
  "test_total_loss": 1.519539841290178,
  "test_dir_loss": 0.7179902156194051,
  "test_reg_loss": 0.2727386149866828,
  "test_dir_acc": 0.6133333333333333,
  "test_reg_acc": 0.9008620689655172,
  "test_num_samples": 232,
  "dir_label_mode": "vol_threshold",
  "dir_vol_k": 1.0,
  "dir_vol_col": "rolling_vol_20",
  "dir_ignore_index": -1,
  "val_pred_rows": 232,
  "test_pred_rows": 232,
  "val_dir_event_count": 70.0,
  "val_dir_coverage": 0.3017241379310345,
  "val_dir_acc_event": 0.5571428571428572,
  "val_dir_mae_event": 0.44285714285714284,
  "val_dir_up_rate_event": 0.6571428571428571,
  "val_dir_pred_up_rate_event": 0.8428571428571429,
  "val_dir_majority_acc_event": 0.6571428571428571,
  "val_dir_acc_minus_majority_event": -0.09999999999999998,
  "test_dir_event_count": 75.0,
  "test_dir_coverage": 0.3232758620689655,
  "test_dir_acc_event": 0.6133333333333333,
  "test_dir_mae_event": 0.38666666666666666,
  "test_dir_up_rate_event": 0.6133333333333333,
  "test_dir_pred_up_rate_event": 0.8933333333333333,
  "test_dir_majority_acc_event": 0.6133333333333333,
  "test_dir_acc_minus_majority_event": 0.0,
  "latent_rows_train": 1240,
  "latent_rows_val": 233,
  "latent_rows_test": 233,
  "latent_rows_all": 1706
}