{
  "fold": "fold4",
  "variant": "gating",
  "best_epoch": 56,
  "best_val_total_loss": 2.0802452646452805,
  "test_total_loss": 1.527510585456059,
  "test_dir_loss": 0.6535172388398436,
  "test_reg_loss": 0.6222499521641895,
  "test_dir_acc": 0.7041420118343196,
  "test_reg_acc": 0.728448275862069,
  "test_num_samples": 232,
  "dir_label_mode": "vol_threshold",
  "dir_vol_k": 0.75,
  "dir_vol_col": "rolling_vol_20",
  "dir_ignore_index": -1,
  "val_pred_rows": 232,
  "test_pred_rows": 232,
  "val_dir_event_count": 172.0,
  "val_dir_coverage": 0.7413793103448276,
  "val_dir_acc_event": 0.5290697674418605,
  "val_dir_mae_event": 0.47093023255813954,
  "val_dir_up_rate_event": 0.5290697674418605,
  "val_dir_pred_up_rate_event": 1.0,
  "val_dir_majority_acc_event": 0.5290697674418605,
  "val_dir_acc_minus_majority_event": 0.0,
  "test_dir_event_count": 169.0,
  "test_dir_coverage": 0.728448275862069,
  "test_dir_acc_event": 0.7041420118343196,
  "test_dir_mae_event": 0.2958579881656805,
  "test_dir_up_rate_event": 0.6923076923076923,
  "test_dir_pred_up_rate_event": 0.893491124260355,
  "test_dir_majority_acc_event": 0.6923076923076923,
  "test_dir_acc_minus_majority_event": 0.01183431952662728,
  "latent_rows_train": 1239,
  "latent_rows_val": 233,
  "latent_rows_test": 233,
  "latent_rows_all": 1705
}