{
  "fold": "fold2",
  "variant": "gating",
  "best_epoch": 91,
  "best_val_total_loss": 0.7712162075371578,
  "test_total_loss": 0.7452663512065493,
  "test_dir_loss": 0.4290334777585391,
  "test_reg_loss": 0.1942628683715031,
  "test_ret_loss": 0.08687456928450486,
  "test_dir_acc": 0.5991379310344828,
  "test_reg_acc": 0.9353448275862069,
  "test_num_samples": 232,
  "test_pred_rows": 232,
  "latent_rows_train": 1240,
  "latent_rows_val": 233,
  "latent_rows_test": 233,
  "latent_rows_all": 1706
}