{
  "fold": "fold2",
  "variant": "gating",
  "best_epoch": 53,
  "best_val_total_loss": 0.715066319909589,
  "test_total_loss": 0.8493791366445607,
  "test_dir_loss": 1.050899312413972,
  "test_reg_loss": 0.29780647055856113,
  "test_ret_loss": 0.08707668478118963,
  "test_dir_acc": 0.47844827586206895,
  "test_reg_acc": 0.853448275862069,
  "test_num_samples": 232,
  "latent_rows_train": 1240,
  "latent_rows_val": 233,
  "latent_rows_test": 233,
  "latent_rows_all": 1706
}