{
  "fold": "fold2",
  "variant": "gating",
  "best_epoch": 72,
  "best_val_total_loss": -0.04667549914327161,
  "test_total_loss": -0.052514784294983435,
  "test_dir_loss": -0.03088356657274838,
  "test_reg_loss": 0.030841160148125272,
  "test_dir_acc": 0.5431034482758621,
  "test_reg_acc": 0.9913793103448276,
  "test_num_samples": 232,
  "test_pred_rows": 232,
  "latent_rows_train": 1240,
  "latent_rows_val": 233,
  "latent_rows_test": 233,
  "latent_rows_all": 1706
}