{
  "fold": "fold2",
  "variant": "gating",
  "best_epoch": 56,
  "best_val_total_loss": 1.4789973127430882,
  "test_total_loss": 1.4521465383726975,
  "test_dir_loss": 0.7120876147829253,
  "test_reg_loss": 0.09323759222852773,
  "test_dir_acc": 0.5517241379310345,
  "test_reg_acc": 0.9741379310344828,
  "test_num_samples": 232,
  "test_pred_rows": 232,
  "latent_rows_train": 1240,
  "latent_rows_val": 233,
  "latent_rows_test": 233,
  "latent_rows_all": 1706
}