{
  "fold": "fold2",
  "variant": "gating",
  "best_epoch": 54,
  "best_val_total_loss": 1.4256938695907593,
  "test_total_loss": 1.4264864757143219,
  "test_dir_loss": 0.7016633605134899,
  "test_reg_loss": 0.07719904132958116,
  "test_dir_acc": 0.5129310344827587,
  "test_reg_acc": 0.9741379310344828,
  "test_num_samples": 232,
  "test_pred_rows": 232,
  "latent_rows_train": 1240,
  "latent_rows_val": 233,
  "latent_rows_test": 233,
  "latent_rows_all": 1706
}