{
  "fold": "fold2",
  "variant": "gating",
  "best_epoch": 61,
  "best_val_total_loss": 0.29169323732113017,
  "test_total_loss": 0.27359782210711775,
  "test_dir_loss": 0.11039432215279546,
  "test_reg_loss": 0.05476221853289111,
  "test_ret_loss": 0.18190254116880483,
  "test_dir_acc": 0.5431034482758621,
  "test_reg_acc": 0.978448275862069,
  "test_num_samples": 232,
  "test_pred_rows": 232,
  "latent_rows_train": 1240,
  "latent_rows_val": 233,
  "latent_rows_test": 233,
  "latent_rows_all": 1706
}