{
  "fold": "fold6",
  "variant": "gating",
  "best_epoch": 2,
  "best_val_total_loss": 1.1355441579054961,
  "test_total_loss": 2.3468221689199473,
  "test_dir_loss": 0.8138129711151123,
  "test_reg_loss": 2.2773797057923817,
  "test_dir_acc": 0.3783783783783784,
  "test_reg_acc": 0.30735930735930733,
  "test_num_samples": 231,
  "dir_label_mode": "vol_threshold",
  "dir_vol_k": 1.5,
  "dir_vol_col": "rolling_vol_20",
  "dir_ignore_index": -1,
  "val_pred_rows": 231,
  "test_pred_rows": 231,
  "val_dir_event_count": 32.0,
  "val_dir_coverage": 0.13852813852813853,
  "val_dir_acc_event": 0.875,
  "val_dir_mae_event": 0.125,
  "val_dir_up_rate_event": 0.875,
  "val_dir_pred_up_rate_event": 1.0,
  "val_dir_majority_acc_event": 0.875,
  "val_dir_acc_minus_majority_event": 0.0,
  "test_dir_event_count": 37.0,
  "test_dir_coverage": 0.16017316017316016,
  "test_dir_acc_event": 0.3783783783783784,
  "test_dir_mae_event": 0.6216216216216216,
  "test_dir_up_rate_event": 0.35135135135135137,
  "test_dir_pred_up_rate_event": 0.7567567567567568,
  "test_dir_majority_acc_event": 0.6486486486486487,
  "test_dir_acc_minus_majority_event": -0.2702702702702703,
  "latent_rows_train": 1239,
  "latent_rows_val": 232,
  "latent_rows_test": 232,
  "latent_rows_all": 1703
}