{
  "fold": "fold2",
  "variant": "gating",
  "best_epoch": 24,
  "best_val_total_loss": 1.3817920643707802,
  "test_total_loss": 1.3574705288327973,
  "test_dir_loss": 0.643713773772268,
  "test_reg_loss": 0.21610556337340125,
  "test_dir_acc": 0.6237623762376238,
  "test_reg_acc": 0.9008620689655172,
  "test_num_samples": 232,
  "dir_label_mode": "vol_threshold",
  "dir_vol_k": 0.5,
  "dir_vol_col": "rolling_vol_20",
  "dir_ignore_index": -1,
  "val_pred_rows": 232,
  "test_pred_rows": 232,
  "val_dir_event_count": 193.0,
  "val_dir_coverage": 0.8318965517241379,
  "val_dir_acc_event": 0.6528497409326425,
  "val_dir_mae_event": 0.3471502590673575,
  "val_dir_up_rate_event": 0.7150259067357513,
  "val_dir_pred_up_rate_event": 0.917098445595855,
  "val_dir_majority_acc_event": 0.7150259067357513,
  "val_dir_acc_minus_majority_event": -0.06217616580310881,
  "test_dir_event_count": 202.0,
  "test_dir_coverage": 0.8706896551724138,
  "test_dir_acc_event": 0.6237623762376238,
  "test_dir_mae_event": 0.37623762376237624,
  "test_dir_up_rate_event": 0.7029702970297029,
  "test_dir_pred_up_rate_event": 0.8712871287128713,
  "test_dir_majority_acc_event": 0.7029702970297029,
  "test_dir_acc_minus_majority_event": -0.07920792079207917,
  "latent_rows_train": 1240,
  "latent_rows_val": 233,
  "latent_rows_test": 233,
  "latent_rows_all": 1706
}