{
  "fold": "fold4",
  "variant": "gating",
  "best_epoch": 40,
  "best_val_total_loss": 2.314595806187597,
  "test_total_loss": 1.5446467728450382,
  "test_dir_loss": 0.65564393222332,
  "test_reg_loss": 0.8090860668955178,
  "test_dir_acc": 0.67,
  "test_reg_acc": 0.6982758620689655,
  "test_num_samples": 232,
  "dir_label_mode": "vol_threshold",
  "dir_vol_k": 0.5,
  "dir_vol_col": "rolling_vol_20",
  "dir_ignore_index": -1,
  "val_pred_rows": 232,
  "test_pred_rows": 232,
  "val_dir_event_count": 175.0,
  "val_dir_coverage": 0.7543103448275862,
  "val_dir_acc_event": 0.5142857142857142,
  "val_dir_mae_event": 0.4857142857142857,
  "val_dir_up_rate_event": 0.5428571428571428,
  "val_dir_pred_up_rate_event": 0.9714285714285714,
  "val_dir_majority_acc_event": 0.5428571428571428,
  "val_dir_acc_minus_majority_event": -0.02857142857142858,
  "test_dir_event_count": 200.0,
  "test_dir_coverage": 0.8620689655172413,
  "test_dir_acc_event": 0.67,
  "test_dir_mae_event": 0.33,
  "test_dir_up_rate_event": 0.75,
  "test_dir_pred_up_rate_event": 0.92,
  "test_dir_majority_acc_event": 0.75,
  "test_dir_acc_minus_majority_event": -0.07999999999999996,
  "latent_rows_train": 1239,
  "latent_rows_val": 233,
  "latent_rows_test": 233,
  "latent_rows_all": 1705
}