{
  "fold": "fold5",
  "variant": "gating",
  "best_epoch": 24,
  "best_val_total_loss": 1.8400786662923878,
  "test_total_loss": 3.0202517911985325,
  "test_dir_loss": 1.4647512469493167,
  "test_reg_loss": 0.6333039552618415,
  "test_dir_acc": 0.22535211267605634,
  "test_reg_acc": 0.7402597402597403,
  "test_num_samples": 231,
  "dir_label_mode": "vol_threshold",
  "dir_vol_k": 1.0,
  "dir_vol_col": "rolling_vol_20",
  "dir_ignore_index": -1,
  "val_pred_rows": 232,
  "test_pred_rows": 231,
  "val_dir_event_count": 55.0,
  "val_dir_coverage": 0.23706896551724138,
  "val_dir_acc_event": 0.6,
  "val_dir_mae_event": 0.4,
  "val_dir_up_rate_event": 0.7090909090909091,
  "val_dir_pred_up_rate_event": 0.45454545454545453,
  "val_dir_majority_acc_event": 0.7090909090909091,
  "val_dir_acc_minus_majority_event": -0.10909090909090913,
  "test_dir_event_count": 71.0,
  "test_dir_coverage": 0.30735930735930733,
  "test_dir_acc_event": 0.22535211267605634,
  "test_dir_mae_event": 0.7746478873239436,
  "test_dir_up_rate_event": 0.8732394366197183,
  "test_dir_pred_up_rate_event": 0.09859154929577464,
  "test_dir_majority_acc_event": 0.8732394366197183,
  "test_dir_acc_minus_majority_event": -0.6478873239436619,
  "latent_rows_train": 1239,
  "latent_rows_val": 233,
  "latent_rows_test": 232,
  "latent_rows_all": 1704
}