{
  "fold": "fold2",
  "variant": "gating",
  "best_epoch": 14,
  "best_val_total_loss": 1.5802558824933808,
  "test_total_loss": 1.3435643376975224,
  "test_dir_loss": 0.6295895439152625,
  "test_reg_loss": 0.28502842167328146,
  "test_dir_acc": 0.7352941176470589,
  "test_reg_acc": 0.8620689655172413,
  "test_num_samples": 232,
  "dir_label_mode": "vol_threshold",
  "dir_vol_k": 0.25,
  "dir_vol_col": "rolling_vol_20",
  "dir_ignore_index": -1,
  "val_pred_rows": 232,
  "test_pred_rows": 232,
  "val_dir_event_count": 210.0,
  "val_dir_coverage": 0.9051724137931034,
  "val_dir_acc_event": 0.5428571428571428,
  "val_dir_mae_event": 0.45714285714285713,
  "val_dir_up_rate_event": 0.7857142857142857,
  "val_dir_pred_up_rate_event": 0.7095238095238096,
  "val_dir_majority_acc_event": 0.7857142857142857,
  "val_dir_acc_minus_majority_event": -0.24285714285714288,
  "test_dir_event_count": 204.0,
  "test_dir_coverage": 0.8793103448275862,
  "test_dir_acc_event": 0.7352941176470589,
  "test_dir_mae_event": 0.2647058823529412,
  "test_dir_up_rate_event": 0.7450980392156863,
  "test_dir_pred_up_rate_event": 0.8823529411764706,
  "test_dir_majority_acc_event": 0.7450980392156863,
  "test_dir_acc_minus_majority_event": -0.009803921568627416,
  "latent_rows_train": 1240,
  "latent_rows_val": 233,
  "latent_rows_test": 233,
  "latent_rows_all": 1706
}