{
  "fold": "fold5",
  "variant": "gating",
  "best_epoch": 33,
  "best_val_total_loss": 2.060071534123914,
  "test_total_loss": 3.089215904087215,
  "test_dir_loss": 1.5069128814733252,
  "test_reg_loss": 0.1856036279108617,
  "test_dir_acc": 0.22169811320754718,
  "test_reg_acc": 0.9783549783549783,
  "test_num_samples": 231,
  "dir_label_mode": "vol_threshold",
  "dir_vol_k": 0.25,
  "dir_vol_col": "rolling_vol_20",
  "dir_ignore_index": -1,
  "val_pred_rows": 232,
  "test_pred_rows": 231,
  "val_dir_event_count": 205.0,
  "val_dir_coverage": 0.8836206896551724,
  "val_dir_acc_event": 0.48292682926829267,
  "val_dir_mae_event": 0.5170731707317073,
  "val_dir_up_rate_event": 0.6731707317073171,
  "val_dir_pred_up_rate_event": 0.24390243902439024,
  "val_dir_majority_acc_event": 0.6731707317073171,
  "val_dir_acc_minus_majority_event": -0.19024390243902445,
  "test_dir_event_count": 212.0,
  "test_dir_coverage": 0.9177489177489178,
  "test_dir_acc_event": 0.22169811320754718,
  "test_dir_mae_event": 0.7783018867924528,
  "test_dir_up_rate_event": 0.7783018867924528,
  "test_dir_pred_up_rate_event": 0.0,
  "test_dir_majority_acc_event": 0.7783018867924528,
  "test_dir_acc_minus_majority_event": -0.5566037735849056,
  "latent_rows_train": 1239,
  "latent_rows_val": 233,
  "latent_rows_test": 232,
  "latent_rows_all": 1704
}