{
  "fold": "fold8",
  "variant": "gating",
  "best_epoch": 15,
  "best_val_total_loss": 1.5415660738945007,
  "test_total_loss": 1.4388895604921423,
  "test_dir_loss": 0.6854667869252218,
  "test_reg_loss": 0.7198123789351919,
  "test_dir_acc": 0.39436619718309857,
  "test_reg_acc": 0.8260869565217391,
  "test_num_samples": 92,
  "dir_label_mode": "vol_threshold",
  "dir_vol_k": 0.25,
  "dir_vol_col": "rolling_vol_20",
  "dir_ignore_index": -1,
  "val_pred_rows": 232,
  "test_pred_rows": 92,
  "val_dir_event_count": 207.0,
  "val_dir_coverage": 0.8922413793103449,
  "val_dir_acc_event": 0.7536231884057971,
  "val_dir_mae_event": 0.2463768115942029,
  "val_dir_up_rate_event": 0.7536231884057971,
  "val_dir_pred_up_rate_event": 1.0,
  "val_dir_majority_acc_event": 0.7536231884057971,
  "val_dir_acc_minus_majority_event": 0.0,
  "test_dir_event_count": 71.0,
  "test_dir_coverage": 0.7717391304347826,
  "test_dir_acc_event": 0.39436619718309857,
  "test_dir_mae_event": 0.6056338028169014,
  "test_dir_up_rate_event": 0.6056338028169014,
  "test_dir_pred_up_rate_event": 0.6197183098591549,
  "test_dir_majority_acc_event": 0.6056338028169014,
  "test_dir_acc_minus_majority_event": -0.2112676056338028,
  "latent_rows_train": 1239,
  "latent_rows_val": 233,
  "latent_rows_test": 93,
  "latent_rows_all": 1565
}