variant,dir_mae,reg_mae,ret_mae_std
gating,0.6952501833498835,0.30261117412073185,0.8063117873087706
