variant,dir_mae,reg_mae
gating,0.48031949934123847,0.22758344853547252
no_gating,0.48462517929347015,0.17843138090045885
no_sentiment,0.4792582401980828,0.21867698455966822
