variant,fold,num_samples,dir_mae,reg_mae,ret_mae_std
gating,fold1,232,0.44396551724137934,0.46551724137931033,0.3259663969301724
gating,fold2,232,0.40086206896551724,0.1939655172413793,0.3069067605436207
gating,fold3,232,0.6767241379310345,0.22413793103448276,0.5792755768426293
gating,fold4,232,0.5905172413793104,0.5818965517241379,0.5249319322461207
gating,fold5,231,0.7922077922077922,0.12554112554112554,0.3398236674155844
gating,fold6,231,0.8095238095238095,0.21645021645021645,0.9521100943857144
gating,fold7,232,0.7068965517241379,0.46120689655172414,0.7234135653228447
gating,fold8,92,1.141304347826087,0.15217391304347827,2.6980663047834783
