variant,dir_mae,reg_mae
gating,0.49208624178170657,0.10505491978036956
no_gating,0.49798954013253116,0.07528561206409783
no_sentiment,0.500179800521817,0.10289741492889919
