variant,dir_mae,reg_mae
gating,0.48404886436651806,0.2124643846907715
no_gating,0.5086482732659644,0.1915453596253821
no_sentiment,0.4800149641088547,0.21539260807907734
