{
  "fold": "fold3",
  "variant": "gating",
  "best_epoch": 62,
  "best_val_total_loss": 1.208713202640928,
  "test_total_loss": 1.601003071357464,
  "test_dir_loss": 0.7442119006373457,
  "test_reg_loss": 0.3118083168720377,
  "test_dir_acc": 0.5748792270531401,
  "test_reg_acc": 0.8663793103448276,
  "test_num_samples": 232,
  "dir_label_mode": "vol_threshold",
  "dir_vol_k": 0.25,
  "dir_vol_col": "rolling_vol_20",
  "dir_ignore_index": -1,
  "val_pred_rows": 232,
  "test_pred_rows": 232,
  "val_dir_event_count": 205.0,
  "val_dir_coverage": 0.8836206896551724,
  "val_dir_acc_event": 0.6536585365853659,
  "val_dir_mae_event": 0.3463414634146341,
  "val_dir_up_rate_event": 0.6536585365853659,
  "val_dir_pred_up_rate_event": 0.9512195121951219,
  "val_dir_majority_acc_event": 0.6536585365853659,
  "val_dir_acc_minus_majority_event": 0.0,
  "test_dir_event_count": 207.0,
  "test_dir_coverage": 0.8922413793103449,
  "test_dir_acc_event": 0.5748792270531401,
  "test_dir_mae_event": 0.4251207729468599,
  "test_dir_up_rate_event": 0.5748792270531401,
  "test_dir_pred_up_rate_event": 1.0,
  "test_dir_majority_acc_event": 0.5748792270531401,
  "test_dir_acc_minus_majority_event": 0.0,
  "latent_rows_train": 1239,
  "latent_rows_val": 233,
  "latent_rows_test": 233,
  "latent_rows_all": 1705
}