,state_0,state_1,state_2,state_3
state_0,0.9655266043922075,1.1738847710208141e-181,0.0,0.03447339560779257
state_1,7.283913640971999e-227,0.9694800954261625,0.0075982390746337745,0.022921665499203547
state_2,0.0,0.018521873804586,0.981478126195414,8.034169232283704e-248
state_3,0.015065770985271253,0.021378672299949122,2.5662936988514874e-28,0.9635555567147797
