{
  "fold": "fold3",
  "variant": "gating",
  "best_epoch": 62,
  "best_val_total_loss": 0.9720954031779848,
  "test_total_loss": 2.1717220668135018,
  "test_dir_loss": 0.949222817833041,
  "test_reg_loss": 0.39903601079151546,
  "test_dir_acc": 0.5185185185185185,
  "test_reg_acc": 0.8491379310344828,
  "test_num_samples": 232,
  "dir_label_mode": "vol_threshold",
  "dir_vol_k": 0.75,
  "dir_vol_col": "rolling_vol_20",
  "dir_ignore_index": -1,
  "val_pred_rows": 232,
  "test_pred_rows": 232,
  "val_dir_event_count": 190.0,
  "val_dir_coverage": 0.8189655172413793,
  "val_dir_acc_event": 0.7578947368421053,
  "val_dir_mae_event": 0.24210526315789474,
  "val_dir_up_rate_event": 0.7578947368421053,
  "val_dir_pred_up_rate_event": 1.0,
  "val_dir_majority_acc_event": 0.7578947368421053,
  "val_dir_acc_minus_majority_event": 0.0,
  "test_dir_event_count": 162.0,
  "test_dir_coverage": 0.6982758620689655,
  "test_dir_acc_event": 0.5185185185185185,
  "test_dir_mae_event": 0.48148148148148145,
  "test_dir_up_rate_event": 0.5308641975308642,
  "test_dir_pred_up_rate_event": 0.9876543209876543,
  "test_dir_majority_acc_event": 0.5308641975308642,
  "test_dir_acc_minus_majority_event": -0.012345679012345734,
  "latent_rows_train": 1239,
  "latent_rows_val": 233,
  "latent_rows_test": 233,
  "latent_rows_all": 1705
}