{
  "fold": "fold1",
  "variant": "gating",
  "best_epoch": 60,
  "best_val_total_loss": 2.2626587826272715,
  "test_total_loss": 1.6044128619391342,
  "test_dir_loss": 0.7649731183493579,
  "test_reg_loss": 0.4873136744416993,
  "test_dir_acc": 0.5925925925925926,
  "test_reg_acc": 0.8318965517241379,
  "test_num_samples": 232,
  "dir_label_mode": "vol_threshold",
  "dir_vol_k": 1.5,
  "dir_vol_col": "rolling_vol_20",
  "dir_ignore_index": -1,
  "val_pred_rows": 230,
  "test_pred_rows": 232,
  "val_dir_event_count": 33.0,
  "val_dir_coverage": 0.14347826086956522,
  "val_dir_acc_event": 0.5757575757575758,
  "val_dir_mae_event": 0.42424242424242425,
  "val_dir_up_rate_event": 0.5151515151515151,
  "val_dir_pred_up_rate_event": 0.9393939393939394,
  "val_dir_majority_acc_event": 0.5151515151515151,
  "val_dir_acc_minus_majority_event": 0.06060606060606066,
  "test_dir_event_count": 27.0,
  "test_dir_coverage": 0.11637931034482758,
  "test_dir_acc_event": 0.5925925925925926,
  "test_dir_mae_event": 0.4074074074074074,
  "test_dir_up_rate_event": 0.5555555555555556,
  "test_dir_pred_up_rate_event": 0.8148148148148148,
  "test_dir_majority_acc_event": 0.5555555555555556,
  "test_dir_acc_minus_majority_event": 0.03703703703703698,
  "latent_rows_train": 1241,
  "latent_rows_val": 231,
  "latent_rows_test": 233,
  "latent_rows_all": 1705
}