{
  "fold": "fold4",
  "variant": "gating",
  "best_epoch": 83,
  "best_val_total_loss": 1.7051029369748871,
  "test_total_loss": 1.5452082362668267,
  "test_dir_loss": 0.7174735979181557,
  "test_reg_loss": 0.42483055129133424,
  "test_dir_acc": 0.6811594202898551,
  "test_reg_acc": 0.7629310344827587,
  "test_num_samples": 232,
  "dir_label_mode": "vol_threshold",
  "dir_vol_k": 0.25,
  "dir_vol_col": "rolling_vol_20",
  "dir_ignore_index": -1,
  "val_pred_rows": 232,
  "test_pred_rows": 232,
  "val_dir_event_count": 207.0,
  "val_dir_coverage": 0.8922413793103449,
  "val_dir_acc_event": 0.5748792270531401,
  "val_dir_mae_event": 0.4251207729468599,
  "val_dir_up_rate_event": 0.5748792270531401,
  "val_dir_pred_up_rate_event": 0.9903381642512077,
  "val_dir_majority_acc_event": 0.5748792270531401,
  "val_dir_acc_minus_majority_event": 0.0,
  "test_dir_event_count": 207.0,
  "test_dir_coverage": 0.8922413793103449,
  "test_dir_acc_event": 0.6811594202898551,
  "test_dir_mae_event": 0.3188405797101449,
  "test_dir_up_rate_event": 0.6280193236714976,
  "test_dir_pred_up_rate_event": 0.821256038647343,
  "test_dir_majority_acc_event": 0.6280193236714976,
  "test_dir_acc_minus_majority_event": 0.0531400966183575,
  "latent_rows_train": 1239,
  "latent_rows_val": 233,
  "latent_rows_test": 233,
  "latent_rows_all": 1705
}