{
  "fold": "fold5",
  "variant": "gating",
  "best_epoch": 14,
  "best_val_total_loss": 1.9791209122230267,
  "test_total_loss": 2.2281694226450734,
  "test_dir_loss": 1.0696126672686364,
  "test_reg_loss": 0.5876694066183907,
  "test_dir_acc": 0.30612244897959184,
  "test_reg_acc": 0.8138528138528138,
  "test_num_samples": 231,
  "dir_label_mode": "vol_threshold",
  "dir_vol_k": 1.25,
  "dir_vol_col": "rolling_vol_20",
  "dir_ignore_index": -1,
  "val_pred_rows": 232,
  "test_pred_rows": 231,
  "val_dir_event_count": 37.0,
  "val_dir_coverage": 0.15948275862068967,
  "val_dir_acc_event": 0.5675675675675675,
  "val_dir_mae_event": 0.43243243243243246,
  "val_dir_up_rate_event": 0.5945945945945946,
  "val_dir_pred_up_rate_event": 0.43243243243243246,
  "val_dir_majority_acc_event": 0.5945945945945946,
  "val_dir_acc_minus_majority_event": -0.027027027027027084,
  "test_dir_event_count": 49.0,
  "test_dir_coverage": 0.21212121212121213,
  "test_dir_acc_event": 0.30612244897959184,
  "test_dir_mae_event": 0.6938775510204082,
  "test_dir_up_rate_event": 0.8163265306122449,
  "test_dir_pred_up_rate_event": 0.12244897959183673,
  "test_dir_majority_acc_event": 0.8163265306122449,
  "test_dir_acc_minus_majority_event": -0.5102040816326531,
  "latent_rows_train": 1239,
  "latent_rows_val": 233,
  "latent_rows_test": 232,
  "latent_rows_all": 1704
}