{
  "fold": "fold3",
  "variant": "gating",
  "best_epoch": 62,
  "best_val_total_loss": 1.1640065949538658,
  "test_total_loss": 2.4137822841775827,
  "test_dir_loss": 1.1349291568480167,
  "test_reg_loss": 0.4516025843291447,
  "test_dir_acc": 0.5177664974619289,
  "test_reg_acc": 0.8232758620689655,
  "test_num_samples": 232,
  "dir_label_mode": "vol_threshold",
  "dir_vol_k": 0.5,
  "dir_vol_col": "rolling_vol_20",
  "dir_ignore_index": -1,
  "val_pred_rows": 232,
  "test_pred_rows": 232,
  "val_dir_event_count": 202.0,
  "val_dir_coverage": 0.8706896551724138,
  "val_dir_acc_event": 0.7029702970297029,
  "val_dir_mae_event": 0.297029702970297,
  "val_dir_up_rate_event": 0.7029702970297029,
  "val_dir_pred_up_rate_event": 1.0,
  "val_dir_majority_acc_event": 0.7029702970297029,
  "val_dir_acc_minus_majority_event": 0.0,
  "test_dir_event_count": 197.0,
  "test_dir_coverage": 0.8491379310344828,
  "test_dir_acc_event": 0.5177664974619289,
  "test_dir_mae_event": 0.48223350253807107,
  "test_dir_up_rate_event": 0.5177664974619289,
  "test_dir_pred_up_rate_event": 1.0,
  "test_dir_majority_acc_event": 0.5177664974619289,
  "test_dir_acc_minus_majority_event": 0.0,
  "latent_rows_train": 1239,
  "latent_rows_val": 233,
  "latent_rows_test": 233,
  "latent_rows_all": 1705
}