{
  "fold": "fold7",
  "variant": "gating",
  "best_epoch": 26,
  "best_val_total_loss": 1.3479395707448323,
  "test_total_loss": 1.3225146778698624,
  "test_dir_loss": 0.48946742970367957,
  "test_reg_loss": 0.48490644374798086,
  "test_ret_loss": 0.3962157440596613,
  "test_dir_acc": 0.4353448275862069,
  "test_reg_acc": 0.7672413793103449,
  "test_num_samples": 232,
  "test_pred_rows": 232,
  "latent_rows_train": 1240,
  "latent_rows_val": 232,
  "latent_rows_test": 233,
  "latent_rows_all": 1705
}