{
  "fold": "fold5",
  "variant": "gating",
  "best_epoch": 11,
  "best_val_total_loss": 2.254250041369734,
  "test_total_loss": 1.932962229757598,
  "test_dir_loss": 0.8205933006746429,
  "test_reg_loss": 0.95961843888997,
  "test_dir_acc": 0.26785714285714285,
  "test_reg_acc": 0.5974025974025974,
  "test_num_samples": 231,
  "dir_label_mode": "vol_threshold",
  "dir_vol_k": 1.25,
  "dir_vol_col": "rolling_vol_20",
  "dir_ignore_index": -1,
  "val_pred_rows": 232,
  "test_pred_rows": 231,
  "val_dir_event_count": 38.0,
  "val_dir_coverage": 0.16379310344827586,
  "val_dir_acc_event": 0.47368421052631576,
  "val_dir_mae_event": 0.5263157894736842,
  "val_dir_up_rate_event": 0.6578947368421053,
  "val_dir_pred_up_rate_event": 0.6578947368421053,
  "val_dir_majority_acc_event": 0.6578947368421053,
  "val_dir_acc_minus_majority_event": -0.18421052631578955,
  "test_dir_event_count": 56.0,
  "test_dir_coverage": 0.24242424242424243,
  "test_dir_acc_event": 0.26785714285714285,
  "test_dir_mae_event": 0.7321428571428571,
  "test_dir_up_rate_event": 0.875,
  "test_dir_pred_up_rate_event": 0.17857142857142858,
  "test_dir_majority_acc_event": 0.875,
  "test_dir_acc_minus_majority_event": -0.6071428571428572,
  "latent_rows_train": 1239,
  "latent_rows_val": 233,
  "latent_rows_test": 232,
  "latent_rows_all": 1704
}