{
  "fold": "fold1",
  "variant": "gating",
  "best_epoch": 31,
  "best_val_total_loss": 2.3080078539641007,
  "test_total_loss": 1.7751280264607792,
  "test_dir_loss": 0.7619955619176229,
  "test_reg_loss": 0.5178030277120655,
  "test_dir_acc": 0.6666666666666666,
  "test_reg_acc": 0.8620689655172413,
  "test_num_samples": 232,
  "dir_label_mode": "vol_threshold",
  "dir_vol_k": 1.5,
  "dir_vol_col": "rolling_vol_20",
  "dir_ignore_index": -1,
  "val_pred_rows": 230,
  "test_pred_rows": 232,
  "val_dir_event_count": 28.0,
  "val_dir_coverage": 0.12173913043478261,
  "val_dir_acc_event": 0.5357142857142857,
  "val_dir_mae_event": 0.4642857142857143,
  "val_dir_up_rate_event": 0.5357142857142857,
  "val_dir_pred_up_rate_event": 1.0,
  "val_dir_majority_acc_event": 0.5357142857142857,
  "val_dir_acc_minus_majority_event": 0.0,
  "test_dir_event_count": 30.0,
  "test_dir_coverage": 0.12931034482758622,
  "test_dir_acc_event": 0.6666666666666666,
  "test_dir_mae_event": 0.3333333333333333,
  "test_dir_up_rate_event": 0.6666666666666666,
  "test_dir_pred_up_rate_event": 1.0,
  "test_dir_majority_acc_event": 0.6666666666666666,
  "test_dir_acc_minus_majority_event": 0.0,
  "latent_rows_train": 1241,
  "latent_rows_val": 231,
  "latent_rows_test": 233,
  "latent_rows_all": 1705
}