{
  "fold": "fold5",
  "variant": "gating",
  "best_epoch": 66,
  "best_val_total_loss": 1.7489544523173366,
  "test_total_loss": 2.3755713365810776,
  "test_dir_loss": 1.1641511422283244,
  "test_reg_loss": 0.2191047953578817,
  "test_dir_acc": 0.22641509433962265,
  "test_reg_acc": 0.9826839826839827,
  "test_num_samples": 231,
  "dir_label_mode": "vol_threshold",
  "dir_vol_k": 0.75,
  "dir_vol_col": "rolling_vol_20",
  "dir_ignore_index": -1,
  "val_pred_rows": 232,
  "test_pred_rows": 231,
  "val_dir_event_count": 159.0,
  "val_dir_coverage": 0.6853448275862069,
  "val_dir_acc_event": 0.5471698113207547,
  "val_dir_mae_event": 0.4528301886792453,
  "val_dir_up_rate_event": 0.6540880503144654,
  "val_dir_pred_up_rate_event": 0.31446540880503143,
  "val_dir_majority_acc_event": 0.6540880503144654,
  "val_dir_acc_minus_majority_event": -0.10691823899371067,
  "test_dir_event_count": 159.0,
  "test_dir_coverage": 0.6883116883116883,
  "test_dir_acc_event": 0.22641509433962265,
  "test_dir_mae_event": 0.7735849056603774,
  "test_dir_up_rate_event": 0.779874213836478,
  "test_dir_pred_up_rate_event": 0.006289308176100629,
  "test_dir_majority_acc_event": 0.779874213836478,
  "test_dir_acc_minus_majority_event": -0.5534591194968554,
  "latent_rows_train": 1239,
  "latent_rows_val": 233,
  "latent_rows_test": 232,
  "latent_rows_all": 1704
}