{
  "fold": "fold1",
  "variant": "gating",
  "best_epoch": 41,
  "best_val_total_loss": 1.3000572204589844,
  "test_total_loss": 1.3175696463420474,
  "test_dir_loss": 0.6260703896673826,
  "test_reg_loss": 0.25586574987090865,
  "test_dir_acc": 0.6586538461538461,
  "test_reg_acc": 0.8879310344827587,
  "test_num_samples": 232,
  "dir_label_mode": "vol_threshold",
  "dir_vol_k": 0.25,
  "dir_vol_col": "rolling_vol_20",
  "dir_ignore_index": -1,
  "val_pred_rows": 230,
  "test_pred_rows": 232,
  "val_dir_event_count": 202.0,
  "val_dir_coverage": 0.8782608695652174,
  "val_dir_acc_event": 0.6831683168316832,
  "val_dir_mae_event": 0.31683168316831684,
  "val_dir_up_rate_event": 0.6188118811881188,
  "val_dir_pred_up_rate_event": 0.6881188118811881,
  "val_dir_majority_acc_event": 0.6188118811881188,
  "val_dir_acc_minus_majority_event": 0.06435643564356441,
  "test_dir_event_count": 208.0,
  "test_dir_coverage": 0.896551724137931,
  "test_dir_acc_event": 0.6586538461538461,
  "test_dir_mae_event": 0.34134615384615385,
  "test_dir_up_rate_event": 0.7163461538461539,
  "test_dir_pred_up_rate_event": 0.8653846153846154,
  "test_dir_majority_acc_event": 0.7163461538461539,
  "test_dir_acc_minus_majority_event": -0.05769230769230771,
  "latent_rows_train": 1241,
  "latent_rows_val": 231,
  "latent_rows_test": 233,
  "latent_rows_all": 1705
}