{
  "fold": "fold2",
  "variant": "gating",
  "best_epoch": 27,
  "best_val_total_loss": 1.3674730144698044,
  "test_total_loss": 1.3215864650134383,
  "test_dir_loss": 0.6276350936150168,
  "test_reg_loss": 0.210325059191934,
  "test_dir_acc": 0.6256684491978609,
  "test_reg_acc": 0.9224137931034483,
  "test_num_samples": 232,
  "dir_label_mode": "vol_threshold",
  "dir_vol_k": 0.75,
  "dir_vol_col": "rolling_vol_20",
  "dir_ignore_index": -1,
  "val_pred_rows": 232,
  "test_pred_rows": 232,
  "val_dir_event_count": 175.0,
  "val_dir_coverage": 0.7543103448275862,
  "val_dir_acc_event": 0.6742857142857143,
  "val_dir_mae_event": 0.32571428571428573,
  "val_dir_up_rate_event": 0.7257142857142858,
  "val_dir_pred_up_rate_event": 0.88,
  "val_dir_majority_acc_event": 0.7257142857142858,
  "val_dir_acc_minus_majority_event": -0.05142857142857149,
  "test_dir_event_count": 187.0,
  "test_dir_coverage": 0.8060344827586207,
  "test_dir_acc_event": 0.6256684491978609,
  "test_dir_mae_event": 0.37433155080213903,
  "test_dir_up_rate_event": 0.7165775401069518,
  "test_dir_pred_up_rate_event": 0.8556149732620321,
  "test_dir_majority_acc_event": 0.7165775401069518,
  "test_dir_acc_minus_majority_event": -0.09090909090909094,
  "latent_rows_train": 1240,
  "latent_rows_val": 233,
  "latent_rows_test": 233,
  "latent_rows_all": 1706
}