{
  "fold": "fold5",
  "variant": "gating",
  "best_epoch": 20,
  "best_val_total_loss": 1.8158475859411831,
  "test_total_loss": 2.2014770961943126,
  "test_dir_loss": 1.0416885684518253,
  "test_reg_loss": 0.5144092680571916,
  "test_dir_acc": 0.29411764705882354,
  "test_reg_acc": 0.8138528138528138,
  "test_num_samples": 231,
  "dir_label_mode": "vol_threshold",
  "dir_vol_k": 1.0,
  "dir_vol_col": "rolling_vol_20",
  "dir_ignore_index": -1,
  "val_pred_rows": 232,
  "test_pred_rows": 231,
  "val_dir_event_count": 59.0,
  "val_dir_coverage": 0.2543103448275862,
  "val_dir_acc_event": 0.5423728813559322,
  "val_dir_mae_event": 0.4576271186440678,
  "val_dir_up_rate_event": 0.6440677966101694,
  "val_dir_pred_up_rate_event": 0.3898305084745763,
  "val_dir_majority_acc_event": 0.6440677966101694,
  "val_dir_acc_minus_majority_event": -0.10169491525423724,
  "test_dir_event_count": 68.0,
  "test_dir_coverage": 0.2943722943722944,
  "test_dir_acc_event": 0.29411764705882354,
  "test_dir_mae_event": 0.7058823529411765,
  "test_dir_up_rate_event": 0.8088235294117647,
  "test_dir_pred_up_rate_event": 0.10294117647058823,
  "test_dir_majority_acc_event": 0.8088235294117647,
  "test_dir_acc_minus_majority_event": -0.5147058823529411,
  "latent_rows_train": 1239,
  "latent_rows_val": 233,
  "latent_rows_test": 232,
  "latent_rows_all": 1704
}