{
  "fold": "fold1",
  "variant": "gating",
  "best_epoch": 29,
  "best_val_total_loss": 1.8709957641103994,
  "test_total_loss": 1.3772955927355537,
  "test_dir_loss": 0.7097352389246225,
  "test_reg_loss": 0.45151590376064693,
  "test_dir_acc": 0.6666666666666666,
  "test_reg_acc": 0.875,
  "test_num_samples": 232,
  "dir_label_mode": "vol_threshold",
  "dir_vol_k": 1.25,
  "dir_vol_col": "rolling_vol_20",
  "dir_ignore_index": -1,
  "val_pred_rows": 230,
  "test_pred_rows": 232,
  "val_dir_event_count": 38.0,
  "val_dir_coverage": 0.16521739130434782,
  "val_dir_acc_event": 0.5526315789473685,
  "val_dir_mae_event": 0.4473684210526316,
  "val_dir_up_rate_event": 0.5526315789473685,
  "val_dir_pred_up_rate_event": 1.0,
  "val_dir_majority_acc_event": 0.5526315789473685,
  "val_dir_acc_minus_majority_event": 0.0,
  "test_dir_event_count": 48.0,
  "test_dir_coverage": 0.20689655172413793,
  "test_dir_acc_event": 0.6666666666666666,
  "test_dir_mae_event": 0.3333333333333333,
  "test_dir_up_rate_event": 0.6666666666666666,
  "test_dir_pred_up_rate_event": 1.0,
  "test_dir_majority_acc_event": 0.6666666666666666,
  "test_dir_acc_minus_majority_event": 0.0,
  "latent_rows_train": 1241,
  "latent_rows_val": 231,
  "latent_rows_test": 233,
  "latent_rows_all": 1705
}