{
  "fold": "fold7",
  "variant": "gating",
  "best_epoch": 22,
  "best_val_total_loss": 1.698700984319051,
  "test_total_loss": 1.7865942346638646,
  "test_dir_loss": 0.7646137544954265,
  "test_reg_loss": 0.9725530265734114,
  "test_dir_acc": 0.5694444444444444,
  "test_reg_acc": 0.5689655172413793,
  "test_num_samples": 232,
  "dir_label_mode": "vol_threshold",
  "dir_vol_k": 0.25,
  "dir_vol_col": "rolling_vol_20",
  "dir_ignore_index": -1,
  "val_pred_rows": 231,
  "test_pred_rows": 232,
  "val_dir_event_count": 209.0,
  "val_dir_coverage": 0.9047619047619048,
  "val_dir_acc_event": 0.5454545454545454,
  "val_dir_mae_event": 0.45454545454545453,
  "val_dir_up_rate_event": 0.5980861244019139,
  "val_dir_pred_up_rate_event": 0.7655502392344498,
  "val_dir_majority_acc_event": 0.5980861244019139,
  "val_dir_acc_minus_majority_event": -0.052631578947368474,
  "test_dir_event_count": 216.0,
  "test_dir_coverage": 0.9310344827586207,
  "test_dir_acc_event": 0.5694444444444444,
  "test_dir_mae_event": 0.4305555555555556,
  "test_dir_up_rate_event": 0.7268518518518519,
  "test_dir_pred_up_rate_event": 0.7962962962962963,
  "test_dir_majority_acc_event": 0.7268518518518519,
  "test_dir_acc_minus_majority_event": -0.15740740740740744,
  "latent_rows_train": 1240,
  "latent_rows_val": 232,
  "latent_rows_test": 233,
  "latent_rows_all": 1705
}