{
  "fold": "fold4",
  "variant": "gating",
  "best_epoch": 72,
  "best_val_total_loss": 1.7154553183193864,
  "test_total_loss": 1.5740411672098884,
  "test_dir_loss": 0.7164521604452444,
  "test_reg_loss": 0.44088961852007896,
  "test_dir_acc": 0.6793478260869565,
  "test_reg_acc": 0.7543103448275862,
  "test_num_samples": 232,
  "dir_label_mode": "vol_threshold",
  "dir_vol_k": 0.5,
  "dir_vol_col": "rolling_vol_20",
  "dir_ignore_index": -1,
  "val_pred_rows": 232,
  "test_pred_rows": 232,
  "val_dir_event_count": 180.0,
  "val_dir_coverage": 0.7758620689655172,
  "val_dir_acc_event": 0.5833333333333334,
  "val_dir_mae_event": 0.4166666666666667,
  "val_dir_up_rate_event": 0.5833333333333334,
  "val_dir_pred_up_rate_event": 1.0,
  "val_dir_majority_acc_event": 0.5833333333333334,
  "val_dir_acc_minus_majority_event": 0.0,
  "test_dir_event_count": 184.0,
  "test_dir_coverage": 0.7931034482758621,
  "test_dir_acc_event": 0.6793478260869565,
  "test_dir_mae_event": 0.32065217391304346,
  "test_dir_up_rate_event": 0.6467391304347826,
  "test_dir_pred_up_rate_event": 0.8043478260869565,
  "test_dir_majority_acc_event": 0.6467391304347826,
  "test_dir_acc_minus_majority_event": 0.03260869565217395,
  "latent_rows_train": 1239,
  "latent_rows_val": 233,
  "latent_rows_test": 233,
  "latent_rows_all": 1705
}