{
  "fold": "fold3",
  "variant": "gating",
  "best_epoch": 62,
  "best_val_total_loss": 1.0171323932450393,
  "test_total_loss": 2.1151968199631264,
  "test_dir_loss": 0.9216375749451774,
  "test_reg_loss": 0.4103851770532542,
  "test_dir_acc": 0.5257142857142857,
  "test_reg_acc": 0.8405172413793104,
  "test_num_samples": 232,
  "dir_label_mode": "vol_threshold",
  "dir_vol_k": 0.5,
  "dir_vol_col": "rolling_vol_20",
  "dir_ignore_index": -1,
  "val_pred_rows": 232,
  "test_pred_rows": 232,
  "val_dir_event_count": 199.0,
  "val_dir_coverage": 0.8577586206896551,
  "val_dir_acc_event": 0.7487437185929648,
  "val_dir_mae_event": 0.25125628140703515,
  "val_dir_up_rate_event": 0.7487437185929648,
  "val_dir_pred_up_rate_event": 1.0,
  "val_dir_majority_acc_event": 0.7487437185929648,
  "val_dir_acc_minus_majority_event": 0.0,
  "test_dir_event_count": 175.0,
  "test_dir_coverage": 0.7543103448275862,
  "test_dir_acc_event": 0.5257142857142857,
  "test_dir_mae_event": 0.4742857142857143,
  "test_dir_up_rate_event": 0.5428571428571428,
  "test_dir_pred_up_rate_event": 0.9828571428571429,
  "test_dir_majority_acc_event": 0.5428571428571428,
  "test_dir_acc_minus_majority_event": -0.017142857142857126,
  "latent_rows_train": 1239,
  "latent_rows_val": 233,
  "latent_rows_test": 233,
  "latent_rows_all": 1705
}