{
  "fold": "fold7",
  "variant": "gating",
  "best_epoch": 5,
  "best_val_total_loss": 2.8245310287971,
  "test_total_loss": 2.2173134550966065,
  "test_dir_loss": 0.9695662781596184,
  "test_reg_loss": 1.8133526881193291,
  "test_dir_acc": 0.42857142857142855,
  "test_reg_acc": 0.33620689655172414,
  "test_num_samples": 232,
  "dir_label_mode": "vol_threshold",
  "dir_vol_k": 1.5,
  "dir_vol_col": "rolling_vol_20",
  "dir_ignore_index": -1,
  "val_pred_rows": 231,
  "test_pred_rows": 232,
  "val_dir_event_count": 36.0,
  "val_dir_coverage": 0.15584415584415584,
  "val_dir_acc_event": 0.3611111111111111,
  "val_dir_mae_event": 0.6388888888888888,
  "val_dir_up_rate_event": 0.3333333333333333,
  "val_dir_pred_up_rate_event": 0.9722222222222222,
  "val_dir_majority_acc_event": 0.6666666666666667,
  "val_dir_acc_minus_majority_event": -0.30555555555555564,
  "test_dir_event_count": 28.0,
  "test_dir_coverage": 0.1206896551724138,
  "test_dir_acc_event": 0.42857142857142855,
  "test_dir_mae_event": 0.5714285714285714,
  "test_dir_up_rate_event": 0.42857142857142855,
  "test_dir_pred_up_rate_event": 1.0,
  "test_dir_majority_acc_event": 0.5714285714285714,
  "test_dir_acc_minus_majority_event": -0.14285714285714285,
  "latent_rows_train": 1240,
  "latent_rows_val": 232,
  "latent_rows_test": 233,
  "latent_rows_all": 1705
}