{
  "fold": "fold2",
  "variant": "no_gating",
  "best_epoch": 73,
  "best_val_total_loss": -0.07291355934636347,
  "test_total_loss": -0.07322248508190286,
  "test_dir_loss": -0.040939239078554616,
  "test_reg_loss": 0.028853311869797522,
  "test_dir_acc": 0.5560344827586207,
  "test_reg_acc": 0.9870689655172413,
  "test_num_samples": 232,
  "test_pred_rows": 232,
  "latent_rows_train": 1240,
  "latent_rows_val": 233,
  "latent_rows_test": 233,
  "latent_rows_all": 1706
}