{
  "fold": "fold2",
  "variant": "no_gating",
  "best_epoch": 80,
  "best_val_total_loss": 1.3883458417037438,
  "test_total_loss": 1.3152721051512093,
  "test_dir_loss": 0.6494110822677612,
  "test_reg_loss": 0.05483315514143685,
  "test_dir_acc": 0.5474137931034483,
  "test_reg_acc": 0.978448275862069,
  "test_num_samples": 232,
  "test_pred_rows": 232,
  "latent_rows_train": 1240,
  "latent_rows_val": 233,
  "latent_rows_test": 233,
  "latent_rows_all": 1706
}