{
  "fold": "fold2",
  "variant": "no_gating",
  "best_epoch": 76,
  "best_val_total_loss": 1.3453282816656704,
  "test_total_loss": 1.3061707266445817,
  "test_dir_loss": 0.6445312952173168,
  "test_reg_loss": 0.05702704049903771,
  "test_dir_acc": 0.5431034482758621,
  "test_reg_acc": 0.978448275862069,
  "test_num_samples": 232,
  "test_pred_rows": 232,
  "latent_rows_train": 1240,
  "latent_rows_val": 233,
  "latent_rows_test": 233,
  "latent_rows_all": 1706
}