{
  "fold": "fold2",
  "variant": "no_gating",
  "best_epoch": 40,
  "best_val_total_loss": 0.2772619066567257,
  "test_total_loss": 0.27180309747827464,
  "test_dir_loss": 0.11175145774052062,
  "test_reg_loss": 0.034370739398331476,
  "test_ret_loss": 0.18994474719310628,
  "test_dir_acc": 0.5431034482758621,
  "test_reg_acc": 0.9913793103448276,
  "test_num_samples": 232,
  "test_pred_rows": 232,
  "latent_rows_train": 1240,
  "latent_rows_val": 233,
  "latent_rows_test": 233,
  "latent_rows_all": 1706
}