{
  "fold": "fold2",
  "variant": "no_gating",
  "best_epoch": 35,
  "best_val_total_loss": 1.0275285922247788,
  "test_total_loss": 0.9954336778870945,
  "test_dir_loss": 0.44880482246135844,
  "test_reg_loss": 0.17922534665157056,
  "test_ret_loss": 0.08811282520664149,
  "test_dir_acc": 0.521551724137931,
  "test_reg_acc": 0.9267241379310345,
  "test_num_samples": 232,
  "test_pred_rows": 232,
  "latent_rows_train": 1240,
  "latent_rows_val": 233,
  "latent_rows_test": 233,
  "latent_rows_all": 1706
}