{
  "fold": "fold6",
  "variant": "gating",
  "best_epoch": 30,
  "best_val_total_loss": 1.4899636501873725,
  "test_total_loss": 2.2711616037211892,
  "test_dir_loss": 0.9384056500899486,
  "test_reg_loss": 0.391064656527463,
  "test_dir_acc": 0.441025641025641,
  "test_reg_acc": 0.8614718614718615,
  "test_num_samples": 231,
  "dir_label_mode": "vol_threshold",
  "dir_vol_k": 0.5,
  "dir_vol_col": "rolling_vol_20",
  "dir_ignore_index": -1,
  "val_pred_rows": 231,
  "test_pred_rows": 231,
  "val_dir_event_count": 201.0,
  "val_dir_coverage": 0.8701298701298701,
  "val_dir_acc_event": 0.5472636815920398,
  "val_dir_mae_event": 0.4527363184079602,
  "val_dir_up_rate_event": 0.8258706467661692,
  "val_dir_pred_up_rate_event": 0.472636815920398,
  "val_dir_majority_acc_event": 0.8258706467661692,
  "val_dir_acc_minus_majority_event": -0.2786069651741294,
  "test_dir_event_count": 195.0,
  "test_dir_coverage": 0.8441558441558441,
  "test_dir_acc_event": 0.441025641025641,
  "test_dir_mae_event": 0.558974358974359,
  "test_dir_up_rate_event": 0.6153846153846154,
  "test_dir_pred_up_rate_event": 0.3333333333333333,
  "test_dir_majority_acc_event": 0.6153846153846154,
  "test_dir_acc_minus_majority_event": -0.1743589743589744,
  "latent_rows_train": 1239,
  "latent_rows_val": 232,
  "latent_rows_test": 232,
  "latent_rows_all": 1703
}