{
  "fold": "fold5",
  "variant": "gating",
  "best_epoch": 48,
  "best_val_total_loss": 1.1967642019534934,
  "test_total_loss": 0.99807715957815,
  "test_dir_loss": 0.4513765804437332,
  "test_reg_loss": 0.14132925320126408,
  "test_ret_loss": 0.10585044014763523,
  "test_dir_acc": 0.5064935064935064,
  "test_reg_acc": 0.9264069264069265,
  "test_num_samples": 231,
  "test_pred_rows": 231,
  "latent_rows_train": 1239,
  "latent_rows_val": 233,
  "latent_rows_test": 232,
  "latent_rows_all": 1704
}