{
  "fold": "fold4",
  "variant": "gating",
  "best_epoch": 40,
  "best_val_total_loss": 2.3956695507312644,
  "test_total_loss": 1.5181367232881744,
  "test_dir_loss": 0.6360202118052238,
  "test_reg_loss": 0.8243178036706201,
  "test_dir_acc": 0.7068062827225131,
  "test_reg_acc": 0.6853448275862069,
  "test_num_samples": 232,
  "dir_label_mode": "vol_threshold",
  "dir_vol_k": 0.75,
  "dir_vol_col": "rolling_vol_20",
  "dir_ignore_index": -1,
  "val_pred_rows": 232,
  "test_pred_rows": 232,
  "val_dir_event_count": 162.0,
  "val_dir_coverage": 0.6982758620689655,
  "val_dir_acc_event": 0.5,
  "val_dir_mae_event": 0.5,
  "val_dir_up_rate_event": 0.5308641975308642,
  "val_dir_pred_up_rate_event": 0.9691358024691358,
  "val_dir_majority_acc_event": 0.5308641975308642,
  "val_dir_acc_minus_majority_event": -0.030864197530864224,
  "test_dir_event_count": 191.0,
  "test_dir_coverage": 0.8232758620689655,
  "test_dir_acc_event": 0.7068062827225131,
  "test_dir_mae_event": 0.2931937172774869,
  "test_dir_up_rate_event": 0.7591623036649214,
  "test_dir_pred_up_rate_event": 0.9476439790575916,
  "test_dir_majority_acc_event": 0.7591623036649214,
  "test_dir_acc_minus_majority_event": -0.05235602094240832,
  "latent_rows_train": 1239,
  "latent_rows_val": 233,
  "latent_rows_test": 233,
  "latent_rows_all": 1705
}