{
  "fold": "fold4",
  "variant": "gating",
  "best_epoch": 55,
  "best_val_total_loss": 1.9559713232106175,
  "test_total_loss": 1.4959899947561066,
  "test_dir_loss": 0.6452838478887335,
  "test_reg_loss": 0.6469514246644645,
  "test_dir_acc": 0.7180851063829787,
  "test_reg_acc": 0.7241379310344828,
  "test_num_samples": 232,
  "dir_label_mode": "vol_threshold",
  "dir_vol_k": 0.5,
  "dir_vol_col": "rolling_vol_20",
  "dir_ignore_index": -1,
  "val_pred_rows": 232,
  "test_pred_rows": 232,
  "val_dir_event_count": 197.0,
  "val_dir_coverage": 0.8491379310344828,
  "val_dir_acc_event": 0.5177664974619289,
  "val_dir_mae_event": 0.48223350253807107,
  "val_dir_up_rate_event": 0.5177664974619289,
  "val_dir_pred_up_rate_event": 1.0,
  "val_dir_majority_acc_event": 0.5177664974619289,
  "val_dir_acc_minus_majority_event": 0.0,
  "test_dir_event_count": 188.0,
  "test_dir_coverage": 0.8103448275862069,
  "test_dir_acc_event": 0.7180851063829787,
  "test_dir_mae_event": 0.28191489361702127,
  "test_dir_up_rate_event": 0.6861702127659575,
  "test_dir_pred_up_rate_event": 0.9042553191489362,
  "test_dir_majority_acc_event": 0.6861702127659575,
  "test_dir_acc_minus_majority_event": 0.03191489361702127,
  "latent_rows_train": 1239,
  "latent_rows_val": 233,
  "latent_rows_test": 233,
  "latent_rows_all": 1705
}