{
  "fold": "fold4",
  "variant": "gating",
  "best_epoch": 48,
  "best_val_total_loss": 1.3941032557651913,
  "test_total_loss": 1.6682325026084637,
  "test_dir_loss": 0.6981114517558705,
  "test_reg_loss": 0.7788711313543648,
  "test_dir_acc": 0.5636363636363636,
  "test_reg_acc": 0.7198275862068966,
  "test_num_samples": 232,
  "dir_label_mode": "vol_threshold",
  "dir_vol_k": 1.0,
  "dir_vol_col": "rolling_vol_20",
  "dir_ignore_index": -1,
  "val_pred_rows": 232,
  "test_pred_rows": 232,
  "val_dir_event_count": 51.0,
  "val_dir_coverage": 0.21982758620689655,
  "val_dir_acc_event": 0.5686274509803921,
  "val_dir_mae_event": 0.43137254901960786,
  "val_dir_up_rate_event": 0.43137254901960786,
  "val_dir_pred_up_rate_event": 0.7058823529411765,
  "val_dir_majority_acc_event": 0.5686274509803921,
  "val_dir_acc_minus_majority_event": 0.0,
  "test_dir_event_count": 55.0,
  "test_dir_coverage": 0.23706896551724138,
  "test_dir_acc_event": 0.5636363636363636,
  "test_dir_mae_event": 0.43636363636363634,
  "test_dir_up_rate_event": 0.7090909090909091,
  "test_dir_pred_up_rate_event": 0.4909090909090909,
  "test_dir_majority_acc_event": 0.7090909090909091,
  "test_dir_acc_minus_majority_event": -0.1454545454545455,
  "latent_rows_train": 1239,
  "latent_rows_val": 233,
  "latent_rows_test": 233,
  "latent_rows_all": 1705
}