{
  "fold": "fold6",
  "variant": "gating",
  "best_epoch": 30,
  "best_val_total_loss": 1.4992518977169351,
  "test_total_loss": 2.179592500001321,
  "test_dir_loss": 0.9045331071062785,
  "test_reg_loss": 0.39344911426063867,
  "test_dir_acc": 0.43414634146341463,
  "test_reg_acc": 0.8571428571428571,
  "test_num_samples": 231,
  "dir_label_mode": "vol_threshold",
  "dir_vol_k": 0.25,
  "dir_vol_col": "rolling_vol_20",
  "dir_ignore_index": -1,
  "val_pred_rows": 231,
  "test_pred_rows": 231,
  "val_dir_event_count": 207.0,
  "val_dir_coverage": 0.8961038961038961,
  "val_dir_acc_event": 0.5893719806763285,
  "val_dir_mae_event": 0.4106280193236715,
  "val_dir_up_rate_event": 0.8115942028985508,
  "val_dir_pred_up_rate_event": 0.48792270531400966,
  "val_dir_majority_acc_event": 0.8115942028985508,
  "val_dir_acc_minus_majority_event": -0.22222222222222232,
  "test_dir_event_count": 205.0,
  "test_dir_coverage": 0.8874458874458875,
  "test_dir_acc_event": 0.43414634146341463,
  "test_dir_mae_event": 0.5658536585365853,
  "test_dir_up_rate_event": 0.6146341463414634,
  "test_dir_pred_up_rate_event": 0.34146341463414637,
  "test_dir_majority_acc_event": 0.6146341463414634,
  "test_dir_acc_minus_majority_event": -0.18048780487804877,
  "latent_rows_train": 1239,
  "latent_rows_val": 232,
  "latent_rows_test": 232,
  "latent_rows_all": 1703
}