{
  "fold": "fold4",
  "variant": "gating",
  "best_epoch": 52,
  "best_val_total_loss": 0.8663738226068431,
  "test_total_loss": 2.7378469417835105,
  "test_dir_loss": 0.938409668703874,
  "test_reg_loss": 0.919636507486475,
  "test_dir_acc": 0.6666666666666666,
  "test_reg_acc": 0.6120689655172413,
  "test_num_samples": 232,
  "dir_label_mode": "vol_threshold",
  "dir_vol_k": 1.5,
  "dir_vol_col": "rolling_vol_20",
  "dir_ignore_index": -1,
  "val_pred_rows": 232,
  "test_pred_rows": 232,
  "val_dir_event_count": 21.0,
  "val_dir_coverage": 0.09051724137931035,
  "val_dir_acc_event": 0.9523809523809523,
  "val_dir_mae_event": 0.047619047619047616,
  "val_dir_up_rate_event": 0.3333333333333333,
  "val_dir_pred_up_rate_event": 0.2857142857142857,
  "val_dir_majority_acc_event": 0.6666666666666667,
  "val_dir_acc_minus_majority_event": 0.2857142857142856,
  "test_dir_event_count": 24.0,
  "test_dir_coverage": 0.10344827586206896,
  "test_dir_acc_event": 0.6666666666666666,
  "test_dir_mae_event": 0.3333333333333333,
  "test_dir_up_rate_event": 0.5833333333333334,
  "test_dir_pred_up_rate_event": 0.25,
  "test_dir_majority_acc_event": 0.5833333333333334,
  "test_dir_acc_minus_majority_event": 0.08333333333333326,
  "latent_rows_train": 1239,
  "latent_rows_val": 233,
  "latent_rows_test": 233,
  "latent_rows_all": 1705
}