{
  "fold": "fold1",
  "variant": "gating",
  "best_epoch": 43,
  "best_val_total_loss": 2.259592647137849,
  "test_total_loss": 1.4952531518607304,
  "test_dir_loss": 0.6705949030540608,
  "test_reg_loss": 0.38179603527332173,
  "test_dir_acc": 0.6666666666666666,
  "test_reg_acc": 0.9008620689655172,
  "test_num_samples": 232,
  "dir_label_mode": "vol_threshold",
  "dir_vol_k": 1.5,
  "dir_vol_col": "rolling_vol_20",
  "dir_ignore_index": -1,
  "val_pred_rows": 230,
  "test_pred_rows": 232,
  "val_dir_event_count": 27.0,
  "val_dir_coverage": 0.11739130434782609,
  "val_dir_acc_event": 0.5185185185185185,
  "val_dir_mae_event": 0.48148148148148145,
  "val_dir_up_rate_event": 0.5185185185185185,
  "val_dir_pred_up_rate_event": 1.0,
  "val_dir_majority_acc_event": 0.5185185185185185,
  "val_dir_acc_minus_majority_event": 0.0,
  "test_dir_event_count": 27.0,
  "test_dir_coverage": 0.11637931034482758,
  "test_dir_acc_event": 0.6666666666666666,
  "test_dir_mae_event": 0.3333333333333333,
  "test_dir_up_rate_event": 0.6296296296296297,
  "test_dir_pred_up_rate_event": 0.9629629629629629,
  "test_dir_majority_acc_event": 0.6296296296296297,
  "test_dir_acc_minus_majority_event": 0.03703703703703698,
  "latent_rows_train": 1241,
  "latent_rows_val": 231,
  "latent_rows_test": 233,
  "latent_rows_all": 1705
}