{
  "fold": "fold4",
  "variant": "no_gating",
  "best_epoch": 88,
  "best_val_total_loss": 1.5810298508611218,
  "test_total_loss": 1.4435668032744835,
  "test_dir_loss": 0.6639390176740186,
  "test_reg_loss": 0.3856291488326829,
  "test_dir_acc": 0.5862068965517241,
  "test_reg_acc": 0.8146551724137931,
  "test_num_samples": 232,
  "test_pred_rows": 232,
  "latent_rows_train": 1239,
  "latent_rows_val": 233,
  "latent_rows_test": 233,
  "latent_rows_all": 1705
}