{
  "fold": "fold4",
  "variant": "no_gating",
  "best_epoch": 54,
  "best_val_total_loss": 1.0491879561851765,
  "test_total_loss": 0.977505531804315,
  "test_dir_loss": 1.0800456836305816,
  "test_reg_loss": 0.36219737242008077,
  "test_ret_loss": 0.2509510388662075,
  "test_dir_acc": 0.3922413793103448,
  "test_reg_acc": 0.8318965517241379,
  "test_num_samples": 232,
  "latent_rows_train": 1239,
  "latent_rows_val": 233,
  "latent_rows_test": 233,
  "latent_rows_all": 1705
}