{
  "fold": "fold4",
  "variant": "no_gating",
  "best_epoch": 100,
  "best_val_total_loss": 0.0014645508651075691,
  "test_total_loss": -0.005024439173525777,
  "test_dir_loss": -0.03571532923599769,
  "test_reg_loss": 0.22135406334338517,
  "test_dir_acc": 0.5517241379310345,
  "test_reg_acc": 0.9224137931034483,
  "test_num_samples": 232,
  "test_pred_rows": 232,
  "latent_rows_train": 1239,
  "latent_rows_val": 233,
  "latent_rows_test": 233,
  "latent_rows_all": 1705
}