{
  "fold": "fold4",
  "variant": "no_gating",
  "best_epoch": 80,
  "best_val_total_loss": 1.6620157587117161,
  "test_total_loss": 1.4394959499096047,
  "test_dir_loss": 0.6665407850824553,
  "test_reg_loss": 0.3547145842478193,
  "test_dir_acc": 0.6594827586206896,
  "test_reg_acc": 0.8318965517241379,
  "test_num_samples": 232,
  "test_pred_rows": 232,
  "latent_rows_train": 1239,
  "latent_rows_val": 233,
  "latent_rows_test": 233,
  "latent_rows_all": 1705
}