{
  "fold": "fold4",
  "variant": "no_gating",
  "best_epoch": 20,
  "best_val_total_loss": 1.2888771007800925,
  "test_total_loss": 1.205412009666706,
  "test_dir_loss": 0.46861305832862854,
  "test_reg_loss": 0.5023935457755779,
  "test_ret_loss": 0.23493567520174488,
  "test_dir_acc": 0.44396551724137934,
  "test_reg_acc": 0.771551724137931,
  "test_num_samples": 232,
  "test_pred_rows": 232,
  "latent_rows_train": 1239,
  "latent_rows_val": 233,
  "latent_rows_test": 233,
  "latent_rows_all": 1705
}