{
  "fold": "fold5",
  "variant": "gating",
  "best_epoch": 66,
  "best_val_total_loss": 1.5167928564137425,
  "test_total_loss": 1.8451635662095371,
  "test_dir_loss": 0.9085574072984913,
  "test_reg_loss": 0.10014320506807013,
  "test_dir_acc": 0.2935323383084577,
  "test_reg_acc": 0.987012987012987,
  "test_num_samples": 231,
  "dir_label_mode": "vol_threshold",
  "dir_vol_k": 0.25,
  "dir_vol_col": "rolling_vol_20",
  "dir_ignore_index": -1,
  "val_pred_rows": 232,
  "test_pred_rows": 231,
  "val_dir_event_count": 207.0,
  "val_dir_coverage": 0.8922413793103449,
  "val_dir_acc_event": 0.5507246376811594,
  "val_dir_mae_event": 0.4492753623188406,
  "val_dir_up_rate_event": 0.6280193236714976,
  "val_dir_pred_up_rate_event": 0.3526570048309179,
  "val_dir_majority_acc_event": 0.6280193236714976,
  "val_dir_acc_minus_majority_event": -0.07729468599033817,
  "test_dir_event_count": 201.0,
  "test_dir_coverage": 0.8701298701298701,
  "test_dir_acc_event": 0.2935323383084577,
  "test_dir_mae_event": 0.7064676616915423,
  "test_dir_up_rate_event": 0.7263681592039801,
  "test_dir_pred_up_rate_event": 0.029850746268656716,
  "test_dir_majority_acc_event": 0.7263681592039801,
  "test_dir_acc_minus_majority_event": -0.4328358208955224,
  "latent_rows_train": 1239,
  "latent_rows_val": 233,
  "latent_rows_test": 232,
  "latent_rows_all": 1704
}