{
  "fold": "fold1",
  "variant": "gating",
  "best_epoch": 33,
  "best_val_total_loss": 2.005799091380575,
  "test_total_loss": 1.4668130299140667,
  "test_dir_loss": 0.6759273157171581,
  "test_reg_loss": 0.4270854212086776,
  "test_dir_acc": 0.6739130434782609,
  "test_reg_acc": 0.8577586206896551,
  "test_num_samples": 232,
  "dir_label_mode": "vol_threshold",
  "dir_vol_k": 1.25,
  "dir_vol_col": "rolling_vol_20",
  "dir_ignore_index": -1,
  "val_pred_rows": 230,
  "test_pred_rows": 232,
  "val_dir_event_count": 48.0,
  "val_dir_coverage": 0.20869565217391303,
  "val_dir_acc_event": 0.4791666666666667,
  "val_dir_mae_event": 0.5208333333333334,
  "val_dir_up_rate_event": 0.4791666666666667,
  "val_dir_pred_up_rate_event": 1.0,
  "val_dir_majority_acc_event": 0.5208333333333333,
  "val_dir_acc_minus_majority_event": -0.041666666666666574,
  "test_dir_event_count": 46.0,
  "test_dir_coverage": 0.19827586206896552,
  "test_dir_acc_event": 0.6739130434782609,
  "test_dir_mae_event": 0.32608695652173914,
  "test_dir_up_rate_event": 0.6956521739130435,
  "test_dir_pred_up_rate_event": 0.9347826086956522,
  "test_dir_majority_acc_event": 0.6956521739130435,
  "test_dir_acc_minus_majority_event": -0.021739130434782594,
  "latent_rows_train": 1241,
  "latent_rows_val": 231,
  "latent_rows_test": 233,
  "latent_rows_all": 1705
}