{
  "fold": "fold3",
  "variant": "no_gating",
  "best_epoch": 61,
  "best_val_total_loss": 1.0021263237657219,
  "test_total_loss": 1.1685480619299,
  "test_dir_loss": 0.4767321399573622,
  "test_reg_loss": 0.2718477901713601,
  "test_ret_loss": 0.26705885344538194,
  "test_dir_acc": 0.4396551724137931,
  "test_reg_acc": 0.8793103448275862,
  "test_num_samples": 232,
  "test_pred_rows": 232,
  "latent_rows_train": 1239,
  "latent_rows_val": 233,
  "latent_rows_test": 233,
  "latent_rows_all": 1705
}