{
  "fold": "fold8",
  "variant": "gating",
  "best_epoch": 22,
  "best_val_total_loss": 1.9296620303186878,
  "test_total_loss": 3.363970424817956,
  "test_dir_loss": 1.3174114584922791,
  "test_reg_loss": 1.2874310638593591,
  "test_dir_acc": 0.4,
  "test_reg_acc": 0.5652173913043478,
  "test_num_samples": 92,
  "dir_label_mode": "vol_threshold",
  "dir_vol_k": 1.25,
  "dir_vol_col": "rolling_vol_20",
  "dir_ignore_index": -1,
  "val_pred_rows": 232,
  "test_pred_rows": 92,
  "val_dir_event_count": 47.0,
  "val_dir_coverage": 0.2025862068965517,
  "val_dir_acc_event": 0.5319148936170213,
  "val_dir_mae_event": 0.46808510638297873,
  "val_dir_up_rate_event": 0.574468085106383,
  "val_dir_pred_up_rate_event": 0.8723404255319149,
  "val_dir_majority_acc_event": 0.574468085106383,
  "val_dir_acc_minus_majority_event": -0.042553191489361764,
  "test_dir_event_count": 25.0,
  "test_dir_coverage": 0.2717391304347826,
  "test_dir_acc_event": 0.4,
  "test_dir_mae_event": 0.6,
  "test_dir_up_rate_event": 0.32,
  "test_dir_pred_up_rate_event": 0.44,
  "test_dir_majority_acc_event": 0.6799999999999999,
  "test_dir_acc_minus_majority_event": -0.2799999999999999,
  "latent_rows_train": 1239,
  "latent_rows_val": 233,
  "latent_rows_test": 93,
  "latent_rows_all": 1565
}