{
  "fold": "fold8",
  "variant": "gating",
  "best_epoch": 50,
  "best_val_total_loss": 2.152627859649987,
  "test_total_loss": 6.0259569831516435,
  "test_dir_loss": 1.1955726526000283,
  "test_reg_loss": 0.9404993057250977,
  "test_dir_acc": 0.45454545454545453,
  "test_reg_acc": 0.6304347826086957,
  "test_num_samples": 92,
  "dir_label_mode": "vol_threshold",
  "dir_vol_k": 1.5,
  "dir_vol_col": "rolling_vol_20",
  "dir_ignore_index": -1,
  "val_pred_rows": 232,
  "test_pred_rows": 92,
  "val_dir_event_count": 32.0,
  "val_dir_coverage": 0.13793103448275862,
  "val_dir_acc_event": 0.5625,
  "val_dir_mae_event": 0.4375,
  "val_dir_up_rate_event": 0.46875,
  "val_dir_pred_up_rate_event": 0.90625,
  "val_dir_majority_acc_event": 0.53125,
  "val_dir_acc_minus_majority_event": 0.03125,
  "test_dir_event_count": 22.0,
  "test_dir_coverage": 0.2391304347826087,
  "test_dir_acc_event": 0.45454545454545453,
  "test_dir_mae_event": 0.5454545454545454,
  "test_dir_up_rate_event": 0.13636363636363635,
  "test_dir_pred_up_rate_event": 0.5909090909090909,
  "test_dir_majority_acc_event": 0.8636363636363636,
  "test_dir_acc_minus_majority_event": -0.4090909090909091,
  "latent_rows_train": 1239,
  "latent_rows_val": 233,
  "latent_rows_test": 93,
  "latent_rows_all": 1565
}