strategy,total_return,annualized_return,annualized_volatility,sharpe_ratio,sortino_ratio,calmar_ratio,max_drawdown,turnover,annualized_turnover,average_holding_time_days
buy_hold,1.0031316764189238,0.1070781128659914,0.1760852727607003,0.6081037396665789,0.6904732815999466,0.3139683552004408,-0.3410474689324394,,,
momentum_126,0.4512123510717143,0.0560432346470187,0.1218502468081045,0.4599353396081198,0.4760398939018243,0.25770825665534,-0.2174677496731166,,,
transformer_tdqn_stitched,-0.1197904594292164,-0.0185098790765116,0.1351975390337105,-0.1369098817094325,-0.161266819097235,-0.0490332818355421,-0.3774962307967459,186.88840107649796,27.365413754373897,15.938271604938272
