{
  "fold": "fold4",
  "variant": "gating",
  "best_epoch": 52,
  "best_val_total_loss": 1.0282257178734089,
  "test_total_loss": 2.1766955112588815,
  "test_dir_loss": 0.9777278864383697,
  "test_reg_loss": 0.9357604744105503,
  "test_dir_acc": 0.56,
  "test_reg_acc": 0.5862068965517241,
  "test_num_samples": 232,
  "dir_label_mode": "vol_threshold",
  "dir_vol_k": 1.5,
  "dir_vol_col": "rolling_vol_20",
  "dir_ignore_index": -1,
  "val_pred_rows": 232,
  "test_pred_rows": 232,
  "val_dir_event_count": 21.0,
  "val_dir_coverage": 0.09051724137931035,
  "val_dir_acc_event": 0.7619047619047619,
  "val_dir_mae_event": 0.23809523809523808,
  "val_dir_up_rate_event": 0.42857142857142855,
  "val_dir_pred_up_rate_event": 0.19047619047619047,
  "val_dir_majority_acc_event": 0.5714285714285714,
  "val_dir_acc_minus_majority_event": 0.19047619047619047,
  "test_dir_event_count": 25.0,
  "test_dir_coverage": 0.10775862068965517,
  "test_dir_acc_event": 0.56,
  "test_dir_mae_event": 0.44,
  "test_dir_up_rate_event": 0.52,
  "test_dir_pred_up_rate_event": 0.08,
  "test_dir_majority_acc_event": 0.52,
  "test_dir_acc_minus_majority_event": 0.040000000000000036,
  "latent_rows_train": 1239,
  "latent_rows_val": 233,
  "latent_rows_test": 233,
  "latent_rows_all": 1705
}