{
  "fold": "fold1",
  "variant": "gating",
  "best_epoch": 28,
  "best_val_total_loss": 1.4795337086138518,
  "test_total_loss": 1.3651716750243614,
  "test_dir_loss": 0.642043628011431,
  "test_reg_loss": 0.2768835299487772,
  "test_dir_acc": 0.6571428571428571,
  "test_reg_acc": 0.8663793103448276,
  "test_num_samples": 232,
  "dir_label_mode": "vol_threshold",
  "dir_vol_k": 0.25,
  "dir_vol_col": "rolling_vol_20",
  "dir_ignore_index": -1,
  "val_pred_rows": 230,
  "test_pred_rows": 232,
  "val_dir_event_count": 210.0,
  "val_dir_coverage": 0.9130434782608695,
  "val_dir_acc_event": 0.5476190476190477,
  "val_dir_mae_event": 0.4523809523809524,
  "val_dir_up_rate_event": 0.580952380952381,
  "val_dir_pred_up_rate_event": 0.9285714285714286,
  "val_dir_majority_acc_event": 0.580952380952381,
  "val_dir_acc_minus_majority_event": -0.033333333333333326,
  "test_dir_event_count": 210.0,
  "test_dir_coverage": 0.9051724137931034,
  "test_dir_acc_event": 0.6571428571428571,
  "test_dir_mae_event": 0.34285714285714286,
  "test_dir_up_rate_event": 0.6761904761904762,
  "test_dir_pred_up_rate_event": 0.9333333333333333,
  "test_dir_majority_acc_event": 0.6761904761904762,
  "test_dir_acc_minus_majority_event": -0.01904761904761909,
  "latent_rows_train": 1241,
  "latent_rows_val": 231,
  "latent_rows_test": 233,
  "latent_rows_all": 1705
}