{
  "fold": "fold5",
  "variant": "gating",
  "best_epoch": 33,
  "best_val_total_loss": 1.9516950146905307,
  "test_total_loss": 2.3603013408132445,
  "test_dir_loss": 1.1254006609394775,
  "test_reg_loss": 0.22405989022998066,
  "test_dir_acc": 0.19402985074626866,
  "test_reg_acc": 0.9653679653679653,
  "test_num_samples": 231,
  "dir_label_mode": "vol_threshold",
  "dir_vol_k": 0.5,
  "dir_vol_col": "rolling_vol_20",
  "dir_ignore_index": -1,
  "val_pred_rows": 232,
  "test_pred_rows": 231,
  "val_dir_event_count": 200.0,
  "val_dir_coverage": 0.8620689655172413,
  "val_dir_acc_event": 0.43,
  "val_dir_mae_event": 0.57,
  "val_dir_up_rate_event": 0.75,
  "val_dir_pred_up_rate_event": 0.34,
  "val_dir_majority_acc_event": 0.75,
  "val_dir_acc_minus_majority_event": -0.32,
  "test_dir_event_count": 201.0,
  "test_dir_coverage": 0.8701298701298701,
  "test_dir_acc_event": 0.19402985074626866,
  "test_dir_mae_event": 0.8059701492537313,
  "test_dir_up_rate_event": 0.8258706467661692,
  "test_dir_pred_up_rate_event": 0.01990049751243781,
  "test_dir_majority_acc_event": 0.8258706467661692,
  "test_dir_acc_minus_majority_event": -0.6318407960199005,
  "latent_rows_train": 1239,
  "latent_rows_val": 233,
  "latent_rows_test": 232,
  "latent_rows_all": 1704
}