{
  "fold": "fold4",
  "variant": "gating",
  "best_epoch": 40,
  "best_val_total_loss": 2.278969715381491,
  "test_total_loss": 1.4817420655283435,
  "test_dir_loss": 0.6304375002349633,
  "test_reg_loss": 0.7799836160807774,
  "test_dir_acc": 0.6956521739130435,
  "test_reg_acc": 0.7025862068965517,
  "test_num_samples": 232,
  "dir_label_mode": "vol_threshold",
  "dir_vol_k": 0.25,
  "dir_vol_col": "rolling_vol_20",
  "dir_ignore_index": -1,
  "val_pred_rows": 232,
  "test_pred_rows": 232,
  "val_dir_event_count": 189.0,
  "val_dir_coverage": 0.8146551724137931,
  "val_dir_acc_event": 0.5132275132275133,
  "val_dir_mae_event": 0.48677248677248675,
  "val_dir_up_rate_event": 0.5343915343915344,
  "val_dir_pred_up_rate_event": 0.9788359788359788,
  "val_dir_majority_acc_event": 0.5343915343915344,
  "val_dir_acc_minus_majority_event": -0.021164021164021163,
  "test_dir_event_count": 207.0,
  "test_dir_coverage": 0.8922413793103449,
  "test_dir_acc_event": 0.6956521739130435,
  "test_dir_mae_event": 0.30434782608695654,
  "test_dir_up_rate_event": 0.7439613526570048,
  "test_dir_pred_up_rate_event": 0.9516908212560387,
  "test_dir_majority_acc_event": 0.7439613526570048,
  "test_dir_acc_minus_majority_event": -0.048309178743961345,
  "latent_rows_train": 1239,
  "latent_rows_val": 233,
  "latent_rows_test": 233,
  "latent_rows_all": 1705
}