{
  "fold": "fold7",
  "variant": "no_gating",
  "best_epoch": 41,
  "best_val_total_loss": 1.58517126397137,
  "test_total_loss": 1.6037221859241355,
  "test_dir_loss": 0.7238591087275538,
  "test_reg_loss": 0.5200133552325183,
  "test_dir_acc": 0.5948275862068966,
  "test_reg_acc": 0.8017241379310345,
  "test_num_samples": 232,
  "test_pred_rows": 232,
  "latent_rows_train": 1240,
  "latent_rows_val": 232,
  "latent_rows_test": 233,
  "latent_rows_all": 1705
}