{
  "fold": "fold7",
  "variant": "no_gating",
  "best_epoch": 83,
  "best_val_total_loss": 0.055490739772588143,
  "test_total_loss": 0.04201398532966088,
  "test_dir_loss": -0.016475018242309833,
  "test_reg_loss": 0.2498800688069956,
  "test_dir_acc": 0.4698275862068966,
  "test_reg_acc": 0.9224137931034483,
  "test_num_samples": 232,
  "test_pred_rows": 232,
  "latent_rows_train": 1240,
  "latent_rows_val": 232,
  "latent_rows_test": 233,
  "latent_rows_all": 1705
}