{
  "fold": "fold7",
  "variant": "no_gating",
  "best_epoch": 99,
  "best_val_total_loss": 1.5774063289939584,
  "test_total_loss": 1.5172171099432583,
  "test_dir_loss": 0.6895198616488226,
  "test_reg_loss": 0.46059118879252464,
  "test_dir_acc": 0.5948275862068966,
  "test_reg_acc": 0.8706896551724138,
  "test_num_samples": 232,
  "test_pred_rows": 232,
  "latent_rows_train": 1240,
  "latent_rows_val": 232,
  "latent_rows_test": 233,
  "latent_rows_all": 1705
}