{
  "fold": "fold7",
  "variant": "no_gating",
  "best_epoch": 36,
  "best_val_total_loss": 1.3454089113128134,
  "test_total_loss": 1.2579919593087558,
  "test_dir_loss": 0.4786604262631515,
  "test_reg_loss": 0.3831809561314254,
  "test_ret_loss": 0.3714336619294923,
  "test_dir_acc": 0.41379310344827586,
  "test_reg_acc": 0.8232758620689655,
  "test_num_samples": 232,
  "test_pred_rows": 232,
  "latent_rows_train": 1240,
  "latent_rows_val": 232,
  "latent_rows_test": 233,
  "latent_rows_all": 1705
}