{
  "fold": "fold2",
  "variant": "gating",
  "best_epoch": 9,
  "best_val_total_loss": 1.784495185161459,
  "test_total_loss": 1.6694295488554856,
  "test_dir_loss": 0.7928685754537582,
  "test_reg_loss": 0.3650635398667434,
  "test_dir_acc": 0.5,
  "test_reg_acc": 0.9267241379310345,
  "test_num_samples": 232,
  "dir_label_mode": "vol_threshold",
  "dir_vol_k": 1.25,
  "dir_vol_col": "rolling_vol_20",
  "dir_ignore_index": -1,
  "val_pred_rows": 232,
  "test_pred_rows": 232,
  "val_dir_event_count": 46.0,
  "val_dir_coverage": 0.19827586206896552,
  "val_dir_acc_event": 0.3695652173913043,
  "val_dir_mae_event": 0.6304347826086957,
  "val_dir_up_rate_event": 0.6956521739130435,
  "val_dir_pred_up_rate_event": 0.5434782608695652,
  "val_dir_majority_acc_event": 0.6956521739130435,
  "val_dir_acc_minus_majority_event": -0.32608695652173914,
  "test_dir_event_count": 60.0,
  "test_dir_coverage": 0.25862068965517243,
  "test_dir_acc_event": 0.5,
  "test_dir_mae_event": 0.5,
  "test_dir_up_rate_event": 0.5166666666666667,
  "test_dir_pred_up_rate_event": 0.25,
  "test_dir_majority_acc_event": 0.5166666666666667,
  "test_dir_acc_minus_majority_event": -0.01666666666666672,
  "latent_rows_train": 1240,
  "latent_rows_val": 233,
  "latent_rows_test": 233,
  "latent_rows_all": 1706
}