strategy,total_return,annualized_return,annualized_volatility,sharpe_ratio,sortino_ratio,calmar_ratio,max_drawdown,turnover,annualized_turnover,average_holding_time_days
buy_hold,1.0031316764189238,0.10707811286599145,0.17608527276070032,0.6081037396665789,0.6904732815999463,0.3139683552004408,-0.3410474689324394,,,
momentum_126,0.4512123510717143,0.05604323464701877,0.1218502468081045,0.4599353396081199,0.4761802754959793,0.25770825665534,-0.21746774967311666,,,
rl_tdqn_stitched,-0.07020876090312467,-0.010602537546374413,0.1684972307035659,-0.06292410564911458,-0.07557593730462676,-0.02426032877954034,-0.43703189856668134,167.3618161557745,24.50620434122904,19.658536585365855
