{
  "fold": "fold6",
  "variant": "no_sentiment",
  "best_epoch": 59,
  "best_val_total_loss": 1.4798378113544348,
  "test_total_loss": 1.8288119984911633,
  "test_dir_loss": 0.8425923539446546,
  "test_reg_loss": 0.47875762772892533,
  "test_dir_acc": 0.4329004329004329,
  "test_reg_acc": 0.8961038961038961,
  "test_num_samples": 231,
  "test_pred_rows": 231,
  "latent_rows_train": 1239,
  "latent_rows_val": 232,
  "latent_rows_test": 232,
  "latent_rows_all": 1703
}