{
  "fold": "fold6",
  "variant": "no_sentiment",
  "best_epoch": 51,
  "best_val_total_loss": 1.7787036988642309,
  "test_total_loss": 1.8278012833037933,
  "test_dir_loss": 0.8450529730165159,
  "test_reg_loss": 0.4589844401441998,
  "test_dir_acc": 0.4675324675324675,
  "test_reg_acc": 0.8874458874458875,
  "test_num_samples": 231,
  "test_pred_rows": 231,
  "latent_rows_train": 1239,
  "latent_rows_val": 232,
  "latent_rows_test": 232,
  "latent_rows_all": 1703
}