{
  "fold": "fold6",
  "variant": "no_sentiment",
  "best_epoch": 21,
  "best_val_total_loss": 1.0210120407017795,
  "test_total_loss": 1.34725275803438,
  "test_dir_loss": 0.4797726332883298,
  "test_reg_loss": 0.2636699743439883,
  "test_ret_loss": 0.617213038139013,
  "test_dir_acc": 0.38961038961038963,
  "test_reg_acc": 0.8917748917748918,
  "test_num_samples": 231,
  "test_pred_rows": 231,
  "latent_rows_train": 1239,
  "latent_rows_val": 232,
  "latent_rows_test": 232,
  "latent_rows_all": 1703
}