{
  "fold": "fold6",
  "variant": "no_sentiment",
  "best_epoch": 57,
  "best_val_total_loss": 0.040962247943981386,
  "test_total_loss": 0.07837916855817233,
  "test_dir_loss": -0.00316888326174253,
  "test_reg_loss": 0.28238977041313207,
  "test_dir_acc": 0.4329004329004329,
  "test_reg_acc": 0.9047619047619048,
  "test_num_samples": 231,
  "test_pred_rows": 231,
  "latent_rows_train": 1239,
  "latent_rows_val": 232,
  "latent_rows_test": 232,
  "latent_rows_all": 1703
}