{
  "fold": "fold6",
  "variant": "no_sentiment",
  "best_epoch": 44,
  "best_val_total_loss": 0.3803810677229068,
  "test_total_loss": 0.47667621095459184,
  "test_dir_loss": 0.1335644620063501,
  "test_reg_loss": 0.33407072328233656,
  "test_ret_loss": 0.546630318546708,
  "test_dir_acc": 0.4199134199134199,
  "test_reg_acc": 0.8917748917748918,
  "test_num_samples": 231,
  "test_pred_rows": 231,
  "latent_rows_train": 1239,
  "latent_rows_val": 232,
  "latent_rows_test": 232,
  "latent_rows_all": 1703
}