{
  "fold": "fold5",
  "variant": "no_sentiment",
  "best_epoch": 47,
  "best_val_total_loss": 1.1872580668021893,
  "test_total_loss": 1.0232768045875418,
  "test_dir_loss": 0.45402223916796897,
  "test_reg_loss": 0.17747206809765204,
  "test_ret_loss": 0.12398144964015845,
  "test_dir_acc": 0.49783549783549785,
  "test_reg_acc": 0.9004329004329005,
  "test_num_samples": 231,
  "test_pred_rows": 231,
  "latent_rows_train": 1239,
  "latent_rows_val": 233,
  "latent_rows_test": 232,
  "latent_rows_all": 1704
}