{
  "fold": "fold1",
  "variant": "gating",
  "best_epoch": 23,
  "best_val_total_loss": 1.9848755691362463,
  "test_total_loss": 1.3666733585554978,
  "test_dir_loss": 0.6251660857881819,
  "test_reg_loss": 0.5200337870367642,
  "test_dir_acc": 0.6571428571428571,
  "test_reg_acc": 0.8275862068965517,
  "test_num_samples": 232,
  "dir_label_mode": "vol_threshold",
  "dir_vol_k": 1.0,
  "dir_vol_col": "rolling_vol_20",
  "dir_ignore_index": -1,
  "val_pred_rows": 230,
  "test_pred_rows": 232,
  "val_dir_event_count": 76.0,
  "val_dir_coverage": 0.33043478260869563,
  "val_dir_acc_event": 0.5131578947368421,
  "val_dir_mae_event": 0.4868421052631579,
  "val_dir_up_rate_event": 0.5131578947368421,
  "val_dir_pred_up_rate_event": 1.0,
  "val_dir_majority_acc_event": 0.5131578947368421,
  "val_dir_acc_minus_majority_event": 0.0,
  "test_dir_event_count": 70.0,
  "test_dir_coverage": 0.3017241379310345,
  "test_dir_acc_event": 0.6571428571428571,
  "test_dir_mae_event": 0.34285714285714286,
  "test_dir_up_rate_event": 0.6571428571428571,
  "test_dir_pred_up_rate_event": 1.0,
  "test_dir_majority_acc_event": 0.6571428571428571,
  "test_dir_acc_minus_majority_event": 0.0,
  "latent_rows_train": 1241,
  "latent_rows_val": 231,
  "latent_rows_test": 233,
  "latent_rows_all": 1705
}