{
  "fold": "fold2",
  "variant": "gating",
  "best_epoch": 40,
  "best_val_total_loss": 1.4239828956538234,
  "test_total_loss": 1.4082488068218888,
  "test_dir_loss": 0.6848202304142278,
  "test_reg_loss": 0.12985767167190027,
  "test_dir_acc": 0.526829268292683,
  "test_reg_acc": 0.9482758620689655,
  "test_num_samples": 232,
  "dir_label_mode": "vol_threshold",
  "dir_vol_k": 0.25,
  "dir_vol_col": "rolling_vol_20",
  "dir_ignore_index": -1,
  "val_pred_rows": 232,
  "test_pred_rows": 232,
  "val_dir_event_count": 210.0,
  "val_dir_coverage": 0.9051724137931034,
  "val_dir_acc_event": 0.5095238095238095,
  "val_dir_mae_event": 0.49047619047619045,
  "val_dir_up_rate_event": 0.6761904761904762,
  "val_dir_pred_up_rate_event": 0.6523809523809524,
  "val_dir_majority_acc_event": 0.6761904761904762,
  "val_dir_acc_minus_majority_event": -0.16666666666666674,
  "test_dir_event_count": 205.0,
  "test_dir_coverage": 0.8836206896551724,
  "test_dir_acc_event": 0.526829268292683,
  "test_dir_mae_event": 0.47317073170731705,
  "test_dir_up_rate_event": 0.6536585365853659,
  "test_dir_pred_up_rate_event": 0.35609756097560974,
  "test_dir_majority_acc_event": 0.6536585365853659,
  "test_dir_acc_minus_majority_event": -0.12682926829268293,
  "latent_rows_train": 1240,
  "latent_rows_val": 233,
  "latent_rows_test": 233,
  "latent_rows_all": 1706
}