{
  "fold": "fold3",
  "variant": "gating",
  "best_epoch": 62,
  "best_val_total_loss": 1.1807991595103824,
  "test_total_loss": 2.3674269626880515,
  "test_dir_loss": 1.1104459839207785,
  "test_reg_loss": 0.42938742349887715,
  "test_dir_acc": 0.5142857142857142,
  "test_reg_acc": 0.8448275862068966,
  "test_num_samples": 232,
  "dir_label_mode": "vol_threshold",
  "dir_vol_k": 0.25,
  "dir_vol_col": "rolling_vol_20",
  "dir_ignore_index": -1,
  "val_pred_rows": 232,
  "test_pred_rows": 232,
  "val_dir_event_count": 210.0,
  "val_dir_coverage": 0.9051724137931034,
  "val_dir_acc_event": 0.6952380952380952,
  "val_dir_mae_event": 0.3047619047619048,
  "val_dir_up_rate_event": 0.6952380952380952,
  "val_dir_pred_up_rate_event": 1.0,
  "val_dir_majority_acc_event": 0.6952380952380952,
  "val_dir_acc_minus_majority_event": 0.0,
  "test_dir_event_count": 210.0,
  "test_dir_coverage": 0.9051724137931034,
  "test_dir_acc_event": 0.5142857142857142,
  "test_dir_mae_event": 0.4857142857142857,
  "test_dir_up_rate_event": 0.5142857142857142,
  "test_dir_pred_up_rate_event": 1.0,
  "test_dir_majority_acc_event": 0.5142857142857142,
  "test_dir_acc_minus_majority_event": 0.0,
  "latent_rows_train": 1239,
  "latent_rows_val": 233,
  "latent_rows_test": 233,
  "latent_rows_all": 1705
}