{
  "fold": "fold4",
  "variant": "gating",
  "best_epoch": 54,
  "best_val_total_loss": 1.295794232138272,
  "test_total_loss": 1.6656760182873955,
  "test_dir_loss": 0.7027346475704296,
  "test_reg_loss": 0.8458610875853176,
  "test_dir_acc": 0.5135135135135135,
  "test_reg_acc": 0.6896551724137931,
  "test_num_samples": 232,
  "dir_label_mode": "vol_threshold",
  "dir_vol_k": 1.25,
  "dir_vol_col": "rolling_vol_20",
  "dir_ignore_index": -1,
  "val_pred_rows": 232,
  "test_pred_rows": 232,
  "val_dir_event_count": 33.0,
  "val_dir_coverage": 0.14224137931034483,
  "val_dir_acc_event": 0.7878787878787878,
  "val_dir_mae_event": 0.21212121212121213,
  "val_dir_up_rate_event": 0.45454545454545453,
  "val_dir_pred_up_rate_event": 0.5454545454545454,
  "val_dir_majority_acc_event": 0.5454545454545454,
  "val_dir_acc_minus_majority_event": 0.24242424242424243,
  "test_dir_event_count": 37.0,
  "test_dir_coverage": 0.15948275862068967,
  "test_dir_acc_event": 0.5135135135135135,
  "test_dir_mae_event": 0.4864864864864865,
  "test_dir_up_rate_event": 0.5945945945945946,
  "test_dir_pred_up_rate_event": 0.32432432432432434,
  "test_dir_majority_acc_event": 0.5945945945945946,
  "test_dir_acc_minus_majority_event": -0.08108108108108114,
  "latent_rows_train": 1239,
  "latent_rows_val": 233,
  "latent_rows_test": 233,
  "latent_rows_all": 1705
}