{
  "fold": "fold2",
  "variant": "gating",
  "best_epoch": 40,
  "best_val_total_loss": 1.438846621020087,
  "test_total_loss": 1.391788778633907,
  "test_dir_loss": 0.6763641444292474,
  "test_reg_loss": 0.1288852835523671,
  "test_dir_acc": 0.5585106382978723,
  "test_reg_acc": 0.9482758620689655,
  "test_num_samples": 232,
  "dir_label_mode": "vol_threshold",
  "dir_vol_k": 0.5,
  "dir_vol_col": "rolling_vol_20",
  "dir_ignore_index": -1,
  "val_pred_rows": 232,
  "test_pred_rows": 232,
  "val_dir_event_count": 190.0,
  "val_dir_coverage": 0.8189655172413793,
  "val_dir_acc_event": 0.5,
  "val_dir_mae_event": 0.5,
  "val_dir_up_rate_event": 0.6789473684210526,
  "val_dir_pred_up_rate_event": 0.631578947368421,
  "val_dir_majority_acc_event": 0.6789473684210526,
  "val_dir_acc_minus_majority_event": -0.17894736842105263,
  "test_dir_event_count": 188.0,
  "test_dir_coverage": 0.8103448275862069,
  "test_dir_acc_event": 0.5585106382978723,
  "test_dir_mae_event": 0.44148936170212766,
  "test_dir_up_rate_event": 0.6595744680851063,
  "test_dir_pred_up_rate_event": 0.4308510638297872,
  "test_dir_majority_acc_event": 0.6595744680851063,
  "test_dir_acc_minus_majority_event": -0.10106382978723405,
  "latent_rows_train": 1240,
  "latent_rows_val": 233,
  "latent_rows_test": 233,
  "latent_rows_all": 1706
}