{
  "fold": "fold5",
  "variant": "gating",
  "best_epoch": 17,
  "best_val_total_loss": 1.549207510619328,
  "test_total_loss": 1.75654970103012,
  "test_dir_loss": 0.8462568026422803,
  "test_reg_loss": 0.22413950319930073,
  "test_dir_acc": 0.2786885245901639,
  "test_reg_acc": 0.9696969696969697,
  "test_num_samples": 231,
  "dir_label_mode": "vol_threshold",
  "dir_vol_k": 0.75,
  "dir_vol_col": "rolling_vol_20",
  "dir_ignore_index": -1,
  "val_pred_rows": 232,
  "test_pred_rows": 231,
  "val_dir_event_count": 169.0,
  "val_dir_coverage": 0.728448275862069,
  "val_dir_acc_event": 0.5562130177514792,
  "val_dir_mae_event": 0.4437869822485207,
  "val_dir_up_rate_event": 0.6923076923076923,
  "val_dir_pred_up_rate_event": 0.44970414201183434,
  "val_dir_majority_acc_event": 0.6923076923076923,
  "val_dir_acc_minus_majority_event": -0.13609467455621305,
  "test_dir_event_count": 183.0,
  "test_dir_coverage": 0.7922077922077922,
  "test_dir_acc_event": 0.2786885245901639,
  "test_dir_mae_event": 0.7213114754098361,
  "test_dir_up_rate_event": 0.7814207650273224,
  "test_dir_pred_up_rate_event": 0.060109289617486336,
  "test_dir_majority_acc_event": 0.7814207650273224,
  "test_dir_acc_minus_majority_event": -0.5027322404371585,
  "latent_rows_train": 1239,
  "latent_rows_val": 233,
  "latent_rows_test": 232,
  "latent_rows_all": 1704
}