{
  "fold": "fold3",
  "variant": "gating",
  "best_epoch": 49,
  "best_val_total_loss": 1.3963948734875382,
  "test_total_loss": 1.5549158638921277,
  "test_dir_loss": 0.7028457510705087,
  "test_reg_loss": 0.6449620024911289,
  "test_dir_acc": 0.45098039215686275,
  "test_reg_acc": 0.6810344827586207,
  "test_num_samples": 232,
  "dir_label_mode": "vol_threshold",
  "dir_vol_k": 1.0,
  "dir_vol_col": "rolling_vol_20",
  "dir_ignore_index": -1,
  "val_pred_rows": 232,
  "test_pred_rows": 232,
  "val_dir_event_count": 80.0,
  "val_dir_coverage": 0.3448275862068966,
  "val_dir_acc_event": 0.6,
  "val_dir_mae_event": 0.4,
  "val_dir_up_rate_event": 0.6,
  "val_dir_pred_up_rate_event": 0.975,
  "val_dir_majority_acc_event": 0.6,
  "val_dir_acc_minus_majority_event": 0.0,
  "test_dir_event_count": 51.0,
  "test_dir_coverage": 0.21982758620689655,
  "test_dir_acc_event": 0.45098039215686275,
  "test_dir_mae_event": 0.5490196078431373,
  "test_dir_up_rate_event": 0.45098039215686275,
  "test_dir_pred_up_rate_event": 1.0,
  "test_dir_majority_acc_event": 0.5490196078431373,
  "test_dir_acc_minus_majority_event": -0.09803921568627455,
  "latent_rows_train": 1239,
  "latent_rows_val": 233,
  "latent_rows_test": 233,
  "latent_rows_all": 1705
}