{
  "fold": "fold3",
  "variant": "gating",
  "best_epoch": 24,
  "best_val_total_loss": 1.2602075543896905,
  "test_total_loss": 1.181931183255952,
  "test_dir_loss": 0.46640121936798096,
  "test_reg_loss": 0.7732455977078142,
  "test_dir_acc": 0.8571428571428571,
  "test_reg_acc": 0.6637931034482759,
  "test_num_samples": 232,
  "dir_label_mode": "vol_threshold",
  "dir_vol_k": 1.5,
  "dir_vol_col": "rolling_vol_20",
  "dir_ignore_index": -1,
  "val_pred_rows": 232,
  "test_pred_rows": 232,
  "val_dir_event_count": 38.0,
  "val_dir_coverage": 0.16379310344827586,
  "val_dir_acc_event": 0.7368421052631579,
  "val_dir_mae_event": 0.2631578947368421,
  "val_dir_up_rate_event": 0.39473684210526316,
  "val_dir_pred_up_rate_event": 0.34210526315789475,
  "val_dir_majority_acc_event": 0.6052631578947368,
  "val_dir_acc_minus_majority_event": 0.13157894736842102,
  "test_dir_event_count": 21.0,
  "test_dir_coverage": 0.09051724137931035,
  "test_dir_acc_event": 0.8571428571428571,
  "test_dir_mae_event": 0.14285714285714285,
  "test_dir_up_rate_event": 0.42857142857142855,
  "test_dir_pred_up_rate_event": 0.2857142857142857,
  "test_dir_majority_acc_event": 0.5714285714285714,
  "test_dir_acc_minus_majority_event": 0.2857142857142857,
  "latent_rows_train": 1239,
  "latent_rows_val": 233,
  "latent_rows_test": 233,
  "latent_rows_all": 1705
}