{
  "fold": "fold7",
  "variant": "gating",
  "best_epoch": 33,
  "best_val_total_loss": 1.7436099960690452,
  "test_total_loss": 1.8862304749159977,
  "test_dir_loss": 0.8607353268600092,
  "test_reg_loss": 0.6561190318958513,
  "test_dir_acc": 0.5804878048780487,
  "test_reg_acc": 0.7025862068965517,
  "test_num_samples": 232,
  "dir_label_mode": "vol_threshold",
  "dir_vol_k": 0.5,
  "dir_vol_col": "rolling_vol_20",
  "dir_ignore_index": -1,
  "val_pred_rows": 231,
  "test_pred_rows": 232,
  "val_dir_event_count": 192.0,
  "val_dir_coverage": 0.8311688311688312,
  "val_dir_acc_event": 0.5520833333333334,
  "val_dir_mae_event": 0.4479166666666667,
  "val_dir_up_rate_event": 0.5833333333333334,
  "val_dir_pred_up_rate_event": 0.7083333333333334,
  "val_dir_majority_acc_event": 0.5833333333333334,
  "val_dir_acc_minus_majority_event": -0.03125,
  "test_dir_event_count": 205.0,
  "test_dir_coverage": 0.8836206896551724,
  "test_dir_acc_event": 0.5804878048780487,
  "test_dir_mae_event": 0.4195121951219512,
  "test_dir_up_rate_event": 0.7414634146341463,
  "test_dir_pred_up_rate_event": 0.751219512195122,
  "test_dir_majority_acc_event": 0.7414634146341463,
  "test_dir_acc_minus_majority_event": -0.1609756097560976,
  "latent_rows_train": 1240,
  "latent_rows_val": 232,
  "latent_rows_test": 233,
  "latent_rows_all": 1705
}