{
  "fold": "fold8",
  "variant": "no_sentiment",
  "best_epoch": 46,
  "best_val_total_loss": 1.2158659121085857,
  "test_total_loss": 2.2016577668811963,
  "test_dir_loss": 0.4941955234693444,
  "test_reg_loss": 0.2795184280561364,
  "test_ret_loss": 2.2588223892709482,
  "test_dir_acc": 0.2717391304347826,
  "test_reg_acc": 0.9021739130434783,
  "test_num_samples": 92,
  "test_pred_rows": 92,
  "latent_rows_train": 1239,
  "latent_rows_val": 233,
  "latent_rows_test": 93,
  "latent_rows_all": 1565
}