{
  "fold": "fold5",
  "variant": "no_gating",
  "best_epoch": 38,
  "best_val_total_loss": 0.14546940475702286,
  "test_total_loss": 0.026251979174245616,
  "test_dir_loss": 1.7092143710041459,
  "test_reg_loss": 0.026251979174245616,
  "test_dir_acc": 0.3203463203463203,
  "test_reg_acc": 0.9956709956709957,
  "test_num_samples": 231,
  "test_pred_rows": 231,
  "latent_rows_train": 1239,
  "latent_rows_val": 233,
  "latent_rows_test": 232,
  "latent_rows_all": 1704
}