{
  "fold": "fold2",
  "variant": "gating",
  "best_epoch": 9,
  "best_val_total_loss": 1.7089819188775688,
  "test_total_loss": 1.5699733290179023,
  "test_dir_loss": 0.7812497207992956,
  "test_reg_loss": 0.40860339279832514,
  "test_dir_acc": 0.4473684210526316,
  "test_reg_acc": 0.9224137931034483,
  "test_num_samples": 232,
  "dir_label_mode": "vol_threshold",
  "dir_vol_k": 1.5,
  "dir_vol_col": "rolling_vol_20",
  "dir_ignore_index": -1,
  "val_pred_rows": 232,
  "test_pred_rows": 232,
  "val_dir_event_count": 30.0,
  "val_dir_coverage": 0.12931034482758622,
  "val_dir_acc_event": 0.6,
  "val_dir_mae_event": 0.4,
  "val_dir_up_rate_event": 0.6666666666666666,
  "val_dir_pred_up_rate_event": 0.8666666666666667,
  "val_dir_majority_acc_event": 0.6666666666666666,
  "val_dir_acc_minus_majority_event": -0.06666666666666665,
  "test_dir_event_count": 38.0,
  "test_dir_coverage": 0.16379310344827586,
  "test_dir_acc_event": 0.4473684210526316,
  "test_dir_mae_event": 0.5526315789473685,
  "test_dir_up_rate_event": 0.4473684210526316,
  "test_dir_pred_up_rate_event": 1.0,
  "test_dir_majority_acc_event": 0.5526315789473684,
  "test_dir_acc_minus_majority_event": -0.10526315789473678,
  "latent_rows_train": 1240,
  "latent_rows_val": 233,
  "latent_rows_test": 233,
  "latent_rows_all": 1706
}