{
  "fold": "fold8",
  "variant": "no_gating",
  "best_epoch": 79,
  "best_val_total_loss": 1.5097370353238335,
  "test_total_loss": 1.8041116517523061,
  "test_dir_loss": 0.8497016792712004,
  "test_reg_loss": 0.34902755851330963,
  "test_dir_acc": 0.3695652173913043,
  "test_reg_acc": 0.8369565217391305,
  "test_num_samples": 92,
  "test_pred_rows": 92,
  "latent_rows_train": 1239,
  "latent_rows_val": 233,
  "latent_rows_test": 93,
  "latent_rows_all": 1565
}