{
  "fold": "fold8",
  "variant": "no_gating",
  "best_epoch": 72,
  "best_val_total_loss": 0.3967200332674487,
  "test_total_loss": 0.8174990726553876,
  "test_dir_loss": 0.22262493002673853,
  "test_reg_loss": 0.15970314132130664,
  "test_ret_loss": 1.621691407068916,
  "test_dir_acc": 0.44565217391304346,
  "test_reg_acc": 0.9565217391304348,
  "test_num_samples": 92,
  "test_pred_rows": 92,
  "latent_rows_train": 1239,
  "latent_rows_val": 233,
  "latent_rows_test": 93,
  "latent_rows_all": 1565
}