{
  "fold": "fold8",
  "variant": "no_gating",
  "best_epoch": 63,
  "best_val_total_loss": 1.8863933374141824,
  "test_total_loss": 1.9354940601017163,
  "test_dir_loss": 0.8993948283402816,
  "test_reg_loss": 0.45568123978117236,
  "test_dir_acc": 0.33695652173913043,
  "test_reg_acc": 0.8260869565217391,
  "test_num_samples": 92,
  "test_pred_rows": 92,
  "latent_rows_train": 1239,
  "latent_rows_val": 233,
  "latent_rows_test": 93,
  "latent_rows_all": 1565
}