{
  "fold": "fold8",
  "variant": "no_gating",
  "best_epoch": 78,
  "best_val_total_loss": 0.08071352746979944,
  "test_total_loss": 0.1406019355939782,
  "test_dir_loss": 0.043101339236549706,
  "test_reg_loss": 0.18133084152055823,
  "test_dir_acc": 0.4782608695652174,
  "test_reg_acc": 0.9347826086956522,
  "test_num_samples": 92,
  "test_pred_rows": 92,
  "latent_rows_train": 1239,
  "latent_rows_val": 233,
  "latent_rows_test": 93,
  "latent_rows_all": 1565
}