{
  "fold": "fold8",
  "variant": "gating",
  "best_epoch": 46,
  "best_val_total_loss": 1.2225035922280674,
  "test_total_loss": 2.233668726423512,
  "test_dir_loss": 0.5004196400227754,
  "test_reg_loss": 0.3374830043834189,
  "test_ret_loss": 2.263169174608977,
  "test_dir_acc": 0.2717391304347826,
  "test_reg_acc": 0.8695652173913043,
  "test_num_samples": 92,
  "test_pred_rows": 92,
  "latent_rows_train": 1239,
  "latent_rows_val": 233,
  "latent_rows_test": 93,
  "latent_rows_all": 1565
}