{
  "fold": "fold7",
  "variant": "no_sentiment",
  "best_epoch": 73,
  "best_val_total_loss": 1.6891717559847481,
  "test_total_loss": 1.606779904201113,
  "test_dir_loss": 0.7476694378359564,
  "test_reg_loss": 0.3714700482528785,
  "test_dir_acc": 0.5258620689655172,
  "test_reg_acc": 0.8318965517241379,
  "test_num_samples": 232,
  "test_pred_rows": 232,
  "latent_rows_train": 1240,
  "latent_rows_val": 232,
  "latent_rows_test": 233,
  "latent_rows_all": 1705
}