{
  "fold": "fold7",
  "variant": "no_sentiment",
  "best_epoch": 75,
  "best_val_total_loss": -0.0005141483318439617,
  "test_total_loss": 0.034487042447616315,
  "test_dir_loss": -0.018894911326211076,
  "test_reg_loss": 0.24092287737233886,
  "test_dir_acc": 0.4396551724137931,
  "test_reg_acc": 0.8879310344827587,
  "test_num_samples": 232,
  "test_pred_rows": 232,
  "latent_rows_train": 1240,
  "latent_rows_val": 232,
  "latent_rows_test": 233,
  "latent_rows_all": 1705
}