{
  "fold": "fold7",
  "variant": "no_sentiment",
  "best_epoch": 74,
  "best_val_total_loss": 0.4116339724817317,
  "test_total_loss": 0.5180887220234707,
  "test_dir_loss": 0.11320984851697395,
  "test_reg_loss": 0.6552362662964853,
  "test_ret_loss": 0.47549073346729936,
  "test_dir_acc": 0.4525862068965517,
  "test_reg_acc": 0.7025862068965517,
  "test_num_samples": 232,
  "test_pred_rows": 232,
  "latent_rows_train": 1240,
  "latent_rows_val": 232,
  "latent_rows_test": 233,
  "latent_rows_all": 1705
}