{
  "fold": "fold7",
  "variant": "no_sentiment",
  "best_epoch": 27,
  "best_val_total_loss": 1.758426552727109,
  "test_total_loss": 1.6076028470335335,
  "test_dir_loss": 0.6753749498005571,
  "test_reg_loss": 0.8561764079435118,
  "test_dir_acc": 0.6551724137931034,
  "test_reg_acc": 0.6551724137931034,
  "test_num_samples": 232,
  "test_pred_rows": 232,
  "latent_rows_train": 1240,
  "latent_rows_val": 232,
  "latent_rows_test": 233,
  "latent_rows_all": 1705
}