{
  "fold": "fold7",
  "variant": "no_sentiment",
  "best_epoch": 26,
  "best_val_total_loss": 1.3481033157992672,
  "test_total_loss": 1.3267835830820018,
  "test_dir_loss": 0.4906421632602297,
  "test_reg_loss": 0.4907993936333163,
  "test_ret_loss": 0.39651884703800594,
  "test_dir_acc": 0.4353448275862069,
  "test_reg_acc": 0.771551724137931,
  "test_num_samples": 232,
  "test_pred_rows": 232,
  "latent_rows_train": 1240,
  "latent_rows_val": 232,
  "latent_rows_test": 233,
  "latent_rows_all": 1705
}