{
  "fold": "fold6",
  "variant": "gating",
  "best_epoch": 66,
  "best_val_total_loss": 1.5307649869423408,
  "test_total_loss": 1.7513141064416795,
  "test_dir_loss": 0.8292267461224357,
  "test_reg_loss": 0.2745306655256586,
  "test_dir_acc": 0.5247524752475248,
  "test_reg_acc": 0.8917748917748918,
  "test_num_samples": 231,
  "dir_label_mode": "vol_threshold",
  "dir_vol_k": 0.25,
  "dir_vol_col": "rolling_vol_20",
  "dir_ignore_index": -1,
  "val_pred_rows": 231,
  "test_pred_rows": 231,
  "val_dir_event_count": 201.0,
  "val_dir_coverage": 0.8701298701298701,
  "val_dir_acc_event": 0.3781094527363184,
  "val_dir_mae_event": 0.6218905472636815,
  "val_dir_up_rate_event": 0.7263681592039801,
  "val_dir_pred_up_rate_event": 0.15422885572139303,
  "val_dir_majority_acc_event": 0.7263681592039801,
  "val_dir_acc_minus_majority_event": -0.3482587064676617,
  "test_dir_event_count": 202.0,
  "test_dir_coverage": 0.8744588744588745,
  "test_dir_acc_event": 0.5247524752475248,
  "test_dir_mae_event": 0.4752475247524752,
  "test_dir_up_rate_event": 0.5445544554455446,
  "test_dir_pred_up_rate_event": 0.49504950495049505,
  "test_dir_majority_acc_event": 0.5445544554455446,
  "test_dir_acc_minus_majority_event": -0.01980198019801982,
  "latent_rows_train": 1239,
  "latent_rows_val": 232,
  "latent_rows_test": 232,
  "latent_rows_all": 1703
}