{
  "fold": "fold8",
  "variant": "gating",
  "best_epoch": 22,
  "best_val_total_loss": 1.7361610244060386,
  "test_total_loss": 4.474986656852391,
  "test_dir_loss": 1.5651688399138275,
  "test_reg_loss": 1.244057914485102,
  "test_dir_acc": 0.25925925925925924,
  "test_reg_acc": 0.5869565217391305,
  "test_num_samples": 92,
  "dir_label_mode": "vol_threshold",
  "dir_vol_k": 1.25,
  "dir_vol_col": "rolling_vol_20",
  "dir_ignore_index": -1,
  "val_pred_rows": 232,
  "test_pred_rows": 92,
  "val_dir_event_count": 49.0,
  "val_dir_coverage": 0.21120689655172414,
  "val_dir_acc_event": 0.5918367346938775,
  "val_dir_mae_event": 0.40816326530612246,
  "val_dir_up_rate_event": 0.5918367346938775,
  "val_dir_pred_up_rate_event": 0.9183673469387755,
  "val_dir_majority_acc_event": 0.5918367346938775,
  "val_dir_acc_minus_majority_event": 0.0,
  "test_dir_event_count": 27.0,
  "test_dir_coverage": 0.29347826086956524,
  "test_dir_acc_event": 0.25925925925925924,
  "test_dir_mae_event": 0.7407407407407407,
  "test_dir_up_rate_event": 0.25925925925925924,
  "test_dir_pred_up_rate_event": 0.6296296296296297,
  "test_dir_majority_acc_event": 0.7407407407407407,
  "test_dir_acc_minus_majority_event": -0.48148148148148145,
  "latent_rows_train": 1239,
  "latent_rows_val": 233,
  "latent_rows_test": 93,
  "latent_rows_all": 1565
}