{
  "fold": "fold6",
  "variant": "gating",
  "best_epoch": 47,
  "best_val_total_loss": 1.7724883050629587,
  "test_total_loss": 2.00805283108831,
  "test_dir_loss": 0.9540601750097332,
  "test_reg_loss": 0.3329931469220926,
  "test_dir_acc": 0.40828402366863903,
  "test_reg_acc": 0.8787878787878788,
  "test_num_samples": 231,
  "dir_label_mode": "vol_threshold",
  "dir_vol_k": 0.75,
  "dir_vol_col": "rolling_vol_20",
  "dir_ignore_index": -1,
  "val_pred_rows": 231,
  "test_pred_rows": 231,
  "val_dir_event_count": 159.0,
  "val_dir_coverage": 0.6883116883116883,
  "val_dir_acc_event": 0.31446540880503143,
  "val_dir_mae_event": 0.6855345911949685,
  "val_dir_up_rate_event": 0.779874213836478,
  "val_dir_pred_up_rate_event": 0.09433962264150944,
  "val_dir_majority_acc_event": 0.779874213836478,
  "val_dir_acc_minus_majority_event": -0.4654088050314466,
  "test_dir_event_count": 169.0,
  "test_dir_coverage": 0.7316017316017316,
  "test_dir_acc_event": 0.40828402366863903,
  "test_dir_mae_event": 0.591715976331361,
  "test_dir_up_rate_event": 0.5325443786982249,
  "test_dir_pred_up_rate_event": 0.5088757396449705,
  "test_dir_majority_acc_event": 0.5325443786982249,
  "test_dir_acc_minus_majority_event": -0.12426035502958588,
  "latent_rows_train": 1239,
  "latent_rows_val": 232,
  "latent_rows_test": 232,
  "latent_rows_all": 1703
}