{
  "fold": "fold1",
  "variant": "gating",
  "best_epoch": 20,
  "best_val_total_loss": 2.002050878690637,
  "test_total_loss": 1.300548450700168,
  "test_dir_loss": 0.6289188202222188,
  "test_reg_loss": 0.5213240929718675,
  "test_dir_acc": 0.6933333333333334,
  "test_reg_acc": 0.8405172413793104,
  "test_num_samples": 232,
  "dir_label_mode": "vol_threshold",
  "dir_vol_k": 1.0,
  "dir_vol_col": "rolling_vol_20",
  "dir_ignore_index": -1,
  "val_pred_rows": 230,
  "test_pred_rows": 232,
  "val_dir_event_count": 67.0,
  "val_dir_coverage": 0.29130434782608694,
  "val_dir_acc_event": 0.5074626865671642,
  "val_dir_mae_event": 0.4925373134328358,
  "val_dir_up_rate_event": 0.5074626865671642,
  "val_dir_pred_up_rate_event": 1.0,
  "val_dir_majority_acc_event": 0.5074626865671642,
  "val_dir_acc_minus_majority_event": 0.0,
  "test_dir_event_count": 75.0,
  "test_dir_coverage": 0.3232758620689655,
  "test_dir_acc_event": 0.6933333333333334,
  "test_dir_mae_event": 0.30666666666666664,
  "test_dir_up_rate_event": 0.6933333333333334,
  "test_dir_pred_up_rate_event": 1.0,
  "test_dir_majority_acc_event": 0.6933333333333334,
  "test_dir_acc_minus_majority_event": 0.0,
  "latent_rows_train": 1241,
  "latent_rows_val": 231,
  "latent_rows_test": 233,
  "latent_rows_all": 1705
}