{
  "fold": "fold1",
  "variant": "gating",
  "best_epoch": 37,
  "best_val_total_loss": 1.4548575784849085,
  "test_total_loss": 1.3703597249655888,
  "test_dir_loss": 0.6444813413866635,
  "test_reg_loss": 0.2691023467943586,
  "test_dir_acc": 0.5862068965517241,
  "test_reg_acc": 0.8620689655172413,
  "test_num_samples": 232,
  "dir_label_mode": "vol_threshold",
  "dir_vol_k": 0.75,
  "dir_vol_col": "rolling_vol_20",
  "dir_ignore_index": -1,
  "val_pred_rows": 230,
  "test_pred_rows": 232,
  "val_dir_event_count": 166.0,
  "val_dir_coverage": 0.7217391304347827,
  "val_dir_acc_event": 0.5903614457831325,
  "val_dir_mae_event": 0.40963855421686746,
  "val_dir_up_rate_event": 0.6024096385542169,
  "val_dir_pred_up_rate_event": 0.8072289156626506,
  "val_dir_majority_acc_event": 0.6024096385542169,
  "val_dir_acc_minus_majority_event": -0.012048192771084376,
  "test_dir_event_count": 174.0,
  "test_dir_coverage": 0.75,
  "test_dir_acc_event": 0.5862068965517241,
  "test_dir_mae_event": 0.41379310344827586,
  "test_dir_up_rate_event": 0.7011494252873564,
  "test_dir_pred_up_rate_event": 0.8045977011494253,
  "test_dir_majority_acc_event": 0.7011494252873564,
  "test_dir_acc_minus_majority_event": -0.11494252873563227,
  "latent_rows_train": 1241,
  "latent_rows_val": 231,
  "latent_rows_test": 233,
  "latent_rows_all": 1705
}