{
  "fold": "fold8",
  "variant": "gating",
  "best_epoch": 87,
  "best_val_total_loss": 1.5035672105591873,
  "test_total_loss": 1.670729723961457,
  "test_dir_loss": 0.8074721266825994,
  "test_reg_loss": 0.45333954173585644,
  "test_dir_acc": 0.5066666666666667,
  "test_reg_acc": 0.8369565217391305,
  "test_num_samples": 92,
  "dir_label_mode": "vol_threshold",
  "dir_vol_k": 0.5,
  "dir_vol_col": "rolling_vol_20",
  "dir_ignore_index": -1,
  "val_pred_rows": 232,
  "test_pred_rows": 92,
  "val_dir_event_count": 205.0,
  "val_dir_coverage": 0.8836206896551724,
  "val_dir_acc_event": 0.6536585365853659,
  "val_dir_mae_event": 0.3463414634146341,
  "val_dir_up_rate_event": 0.7414634146341463,
  "val_dir_pred_up_rate_event": 0.8731707317073171,
  "val_dir_majority_acc_event": 0.7414634146341463,
  "val_dir_acc_minus_majority_event": -0.08780487804878045,
  "test_dir_event_count": 75.0,
  "test_dir_coverage": 0.8152173913043478,
  "test_dir_acc_event": 0.5066666666666667,
  "test_dir_mae_event": 0.49333333333333335,
  "test_dir_up_rate_event": 0.64,
  "test_dir_pred_up_rate_event": 0.7333333333333333,
  "test_dir_majority_acc_event": 0.64,
  "test_dir_acc_minus_majority_event": -0.1333333333333333,
  "latent_rows_train": 1239,
  "latent_rows_val": 233,
  "latent_rows_test": 93,
  "latent_rows_all": 1565
}