{
  "fold": "fold3",
  "variant": "no_sentiment",
  "best_epoch": 51,
  "best_val_total_loss": 1.3061029253334835,
  "test_total_loss": 1.4540576770387847,
  "test_dir_loss": 0.7082543003148046,
  "test_reg_loss": 0.1251635715879243,
  "test_dir_acc": 0.5646551724137931,
  "test_reg_acc": 0.9698275862068966,
  "test_num_samples": 232,
  "test_pred_rows": 232,
  "latent_rows_train": 1239,
  "latent_rows_val": 233,
  "latent_rows_test": 233,
  "latent_rows_all": 1705
}