{
  "fold": "fold3",
  "variant": "no_sentiment",
  "best_epoch": 74,
  "best_val_total_loss": -0.05335752049396778,
  "test_total_loss": -0.04066368606712284,
  "test_dir_loss": -0.03358818128191192,
  "test_reg_loss": 0.08837557943730519,
  "test_dir_acc": 0.5775862068965517,
  "test_reg_acc": 0.9655172413793104,
  "test_num_samples": 232,
  "test_pred_rows": 232,
  "latent_rows_train": 1239,
  "latent_rows_val": 233,
  "latent_rows_test": 233,
  "latent_rows_all": 1705
}