{
  "fold": "fold3",
  "variant": "no_sentiment",
  "best_epoch": 58,
  "best_val_total_loss": 1.017929196357727,
  "test_total_loss": 1.1673309885222336,
  "test_dir_loss": 0.47989727916388675,
  "test_reg_loss": 0.2429268205987996,
  "test_ret_loss": 0.26931680276476105,
  "test_dir_acc": 0.40086206896551724,
  "test_reg_acc": 0.8879310344827587,
  "test_num_samples": 232,
  "test_pred_rows": 232,
  "latent_rows_train": 1239,
  "latent_rows_val": 233,
  "latent_rows_test": 233,
  "latent_rows_all": 1705
}