{
  "fold": "fold3",
  "variant": "no_sentiment",
  "best_epoch": 55,
  "best_val_total_loss": 1.339866095575793,
  "test_total_loss": 1.6121158599853516,
  "test_dir_loss": 0.7617029732671278,
  "test_reg_loss": 0.2956997315431463,
  "test_dir_acc": 0.5905172413793104,
  "test_reg_acc": 0.9094827586206896,
  "test_num_samples": 232,
  "test_pred_rows": 232,
  "latent_rows_train": 1239,
  "latent_rows_val": 233,
  "latent_rows_test": 233,
  "latent_rows_all": 1705
}