{
  "fold": "fold1",
  "variant": "gating",
  "best_epoch": 57,
  "best_val_total_loss": 1.002488120742466,
  "test_total_loss": 1.0350722608895138,
  "test_dir_loss": 0.46578485493002264,
  "test_reg_loss": 0.19545149700394993,
  "test_ret_loss": 0.08973425755213046,
  "test_dir_acc": 0.4698275862068966,
  "test_reg_acc": 0.8922413793103449,
  "test_num_samples": 232,
  "test_pred_rows": 232,
  "latent_rows_train": 1241,
  "latent_rows_val": 231,
  "latent_rows_test": 233,
  "latent_rows_all": 1705
}