{
  "fold": "fold7",
  "variant": "gating",
  "best_epoch": 34,
  "best_val_total_loss": 1.6322906579806176,
  "test_total_loss": 1.6545577871388402,
  "test_dir_loss": 0.7329429535652107,
  "test_reg_loss": 0.6475065990254797,
  "test_dir_acc": 0.5707547169811321,
  "test_reg_acc": 0.6896551724137931,
  "test_num_samples": 232,
  "dir_label_mode": "vol_threshold",
  "dir_vol_k": 0.25,
  "dir_vol_col": "rolling_vol_20",
  "dir_ignore_index": -1,
  "val_pred_rows": 231,
  "test_pred_rows": 232,
  "val_dir_event_count": 202.0,
  "val_dir_coverage": 0.8744588744588745,
  "val_dir_acc_event": 0.5396039603960396,
  "val_dir_mae_event": 0.4603960396039604,
  "val_dir_up_rate_event": 0.5445544554455446,
  "val_dir_pred_up_rate_event": 0.6287128712871287,
  "val_dir_majority_acc_event": 0.5445544554455446,
  "val_dir_acc_minus_majority_event": -0.004950495049504955,
  "test_dir_event_count": 212.0,
  "test_dir_coverage": 0.9137931034482759,
  "test_dir_acc_event": 0.5707547169811321,
  "test_dir_mae_event": 0.42924528301886794,
  "test_dir_up_rate_event": 0.6839622641509434,
  "test_dir_pred_up_rate_event": 0.7358490566037735,
  "test_dir_majority_acc_event": 0.6839622641509434,
  "test_dir_acc_minus_majority_event": -0.1132075471698113,
  "latent_rows_train": 1240,
  "latent_rows_val": 232,
  "latent_rows_test": 233,
  "latent_rows_all": 1705
}