{
  "fold": "fold6",
  "variant": "gating",
  "best_epoch": 1,
  "best_val_total_loss": 1.201882633553955,
  "test_total_loss": 2.9806115709858023,
  "test_dir_loss": 1.137859795656469,
  "test_reg_loss": 2.40282695943659,
  "test_dir_acc": 0.3888888888888889,
  "test_reg_acc": 0.30303030303030304,
  "test_num_samples": 231,
  "dir_label_mode": "vol_threshold",
  "dir_vol_k": 1.5,
  "dir_vol_col": "rolling_vol_20",
  "dir_ignore_index": -1,
  "val_pred_rows": 231,
  "test_pred_rows": 231,
  "val_dir_event_count": 32.0,
  "val_dir_coverage": 0.13852813852813853,
  "val_dir_acc_event": 0.90625,
  "val_dir_mae_event": 0.09375,
  "val_dir_up_rate_event": 0.90625,
  "val_dir_pred_up_rate_event": 1.0,
  "val_dir_majority_acc_event": 0.90625,
  "val_dir_acc_minus_majority_event": 0.0,
  "test_dir_event_count": 36.0,
  "test_dir_coverage": 0.15584415584415584,
  "test_dir_acc_event": 0.3888888888888889,
  "test_dir_mae_event": 0.6111111111111112,
  "test_dir_up_rate_event": 0.3333333333333333,
  "test_dir_pred_up_rate_event": 0.9444444444444444,
  "test_dir_majority_acc_event": 0.6666666666666667,
  "test_dir_acc_minus_majority_event": -0.27777777777777785,
  "latent_rows_train": 1239,
  "latent_rows_val": 232,
  "latent_rows_test": 232,
  "latent_rows_all": 1703
}