{
  "fold": "fold6",
  "variant": "gating",
  "best_epoch": 67,
  "best_val_total_loss": 1.5493017331862347,
  "test_total_loss": 2.1785372180856153,
  "test_dir_loss": 1.0387696974417742,
  "test_reg_loss": 0.3092762044836561,
  "test_dir_acc": 0.47058823529411764,
  "test_reg_acc": 0.8831168831168831,
  "test_num_samples": 231,
  "dir_label_mode": "vol_threshold",
  "dir_vol_k": 0.5,
  "dir_vol_col": "rolling_vol_20",
  "dir_ignore_index": -1,
  "val_pred_rows": 231,
  "test_pred_rows": 231,
  "val_dir_event_count": 186.0,
  "val_dir_coverage": 0.8051948051948052,
  "val_dir_acc_event": 0.3817204301075269,
  "val_dir_mae_event": 0.6182795698924731,
  "val_dir_up_rate_event": 0.7419354838709677,
  "val_dir_pred_up_rate_event": 0.16666666666666666,
  "val_dir_majority_acc_event": 0.7419354838709677,
  "val_dir_acc_minus_majority_event": -0.3602150537634409,
  "test_dir_event_count": 187.0,
  "test_dir_coverage": 0.8095238095238095,
  "test_dir_acc_event": 0.47058823529411764,
  "test_dir_mae_event": 0.5294117647058824,
  "test_dir_up_rate_event": 0.5347593582887701,
  "test_dir_pred_up_rate_event": 0.46524064171123,
  "test_dir_majority_acc_event": 0.5347593582887701,
  "test_dir_acc_minus_majority_event": -0.06417112299465244,
  "latent_rows_train": 1239,
  "latent_rows_val": 232,
  "latent_rows_test": 232,
  "latent_rows_all": 1703
}