{
  "fold": "fold6",
  "variant": "gating",
  "best_epoch": 2,
  "best_val_total_loss": 1.0647520048793777,
  "test_total_loss": 2.2403751379483707,
  "test_dir_loss": 0.8104330225729607,
  "test_reg_loss": 2.180860322275203,
  "test_dir_acc": 0.4647887323943662,
  "test_reg_acc": 0.31601731601731603,
  "test_num_samples": 231,
  "dir_label_mode": "vol_threshold",
  "dir_vol_k": 1.0,
  "dir_vol_col": "rolling_vol_20",
  "dir_ignore_index": -1,
  "val_pred_rows": 231,
  "test_pred_rows": 231,
  "val_dir_event_count": 71.0,
  "val_dir_coverage": 0.30735930735930733,
  "val_dir_acc_event": 0.8732394366197183,
  "val_dir_mae_event": 0.1267605633802817,
  "val_dir_up_rate_event": 0.8732394366197183,
  "val_dir_pred_up_rate_event": 1.0,
  "val_dir_majority_acc_event": 0.8732394366197183,
  "val_dir_acc_minus_majority_event": 0.0,
  "test_dir_event_count": 71.0,
  "test_dir_coverage": 0.30735930735930733,
  "test_dir_acc_event": 0.4647887323943662,
  "test_dir_mae_event": 0.5352112676056338,
  "test_dir_up_rate_event": 0.4225352112676056,
  "test_dir_pred_up_rate_event": 0.9295774647887324,
  "test_dir_majority_acc_event": 0.5774647887323944,
  "test_dir_acc_minus_majority_event": -0.11267605633802819,
  "latent_rows_train": 1239,
  "latent_rows_val": 232,
  "latent_rows_test": 232,
  "latent_rows_all": 1703
}