strategy,total_return,annualized_return,annualized_volatility,sharpe_ratio,sortino_ratio,calmar_ratio,max_drawdown,turnover,annualized_turnover,average_holding_time_days
buy_hold,1.0031316764189238,0.1070781128659914,0.1760852727607003,0.6081037396665789,0.6904732815999463,0.3139683552004408,-0.3410474689324394,,,
momentum_126,0.4512123510717143,0.0560432346470187,0.1218502468081045,0.4599353396081199,0.4761802754959793,0.25770825665534,-0.2174677496731166,,,
transformer_tdqn_stitched,-0.0163655310225835,-0.0024132561183868,0.1638295015883051,-0.0147302903017505,-0.0188273960011632,-0.0058596520853982,-0.4118429017996573,230.3392354637915,33.72776719167662,13.464912280701755
