{
  "fold": "fold8",
  "variant": "gating",
  "best_epoch": 91,
  "best_val_total_loss": 1.517946685182637,
  "test_total_loss": 1.7344835556071738,
  "test_dir_loss": 0.844213745173286,
  "test_reg_loss": 0.4547416762165401,
  "test_dir_acc": 0.4411764705882353,
  "test_reg_acc": 0.8369565217391305,
  "test_num_samples": 92,
  "dir_label_mode": "vol_threshold",
  "dir_vol_k": 0.75,
  "dir_vol_col": "rolling_vol_20",
  "dir_ignore_index": -1,
  "val_pred_rows": 232,
  "test_pred_rows": 92,
  "val_dir_event_count": 194.0,
  "val_dir_coverage": 0.8362068965517241,
  "val_dir_acc_event": 0.6597938144329897,
  "val_dir_mae_event": 0.3402061855670103,
  "val_dir_up_rate_event": 0.7525773195876289,
  "val_dir_pred_up_rate_event": 0.845360824742268,
  "val_dir_majority_acc_event": 0.7525773195876289,
  "val_dir_acc_minus_majority_event": -0.09278350515463918,
  "test_dir_event_count": 68.0,
  "test_dir_coverage": 0.7391304347826086,
  "test_dir_acc_event": 0.4411764705882353,
  "test_dir_mae_event": 0.5588235294117647,
  "test_dir_up_rate_event": 0.6176470588235294,
  "test_dir_pred_up_rate_event": 0.6764705882352942,
  "test_dir_majority_acc_event": 0.6176470588235294,
  "test_dir_acc_minus_majority_event": -0.17647058823529416,
  "latent_rows_train": 1239,
  "latent_rows_val": 233,
  "latent_rows_test": 93,
  "latent_rows_all": 1565
}