{
  "fold": "fold7",
  "variant": "gating",
  "best_epoch": 81,
  "best_val_total_loss": 1.139242696555662,
  "test_total_loss": 1.0827715520201058,
  "test_dir_loss": 0.4760130777441222,
  "test_reg_loss": 0.6013468485967867,
  "test_ret_loss": 0.3766958066101732,
  "test_dir_acc": 0.4525862068965517,
  "test_reg_acc": 0.7327586206896551,
  "test_num_samples": 232,
  "test_pred_rows": 232,
  "latent_rows_train": 1240,
  "latent_rows_val": 232,
  "latent_rows_test": 233,
  "latent_rows_all": 1705
}