{
  "fold": "fold7",
  "variant": "gating",
  "best_epoch": 73,
  "best_val_total_loss": 1.6542989433585824,
  "test_total_loss": 1.6187541484832764,
  "test_dir_loss": 0.7585188479259096,
  "test_reg_loss": 0.33905469831721535,
  "test_dir_acc": 0.49137931034482757,
  "test_reg_acc": 0.8706896551724138,
  "test_num_samples": 232,
  "test_pred_rows": 232,
  "latent_rows_train": 1240,
  "latent_rows_val": 232,
  "latent_rows_test": 233,
  "latent_rows_all": 1705
}