{
  "fold": "fold7",
  "variant": "gating",
  "best_epoch": 74,
  "best_val_total_loss": 0.9817497725094552,
  "test_total_loss": 1.404657162469009,
  "test_dir_loss": 1.1267786395960842,
  "test_reg_loss": 0.7267930610426541,
  "test_ret_loss": 0.38158266349085446,
  "test_dir_acc": 0.38362068965517243,
  "test_reg_acc": 0.7456896551724138,
  "test_num_samples": 232,
  "latent_rows_train": 1240,
  "latent_rows_val": 232,
  "latent_rows_test": 233,
  "latent_rows_all": 1705
}