{
  "fold": "fold7",
  "variant": "gating",
  "best_epoch": 75,
  "best_val_total_loss": -0.0026264665608024184,
  "test_total_loss": 0.039047275894674764,
  "test_dir_loss": -0.01866395720120134,
  "test_reg_loss": 0.2545839659869671,
  "test_dir_acc": 0.4482758620689655,
  "test_reg_acc": 0.8922413793103449,
  "test_num_samples": 232,
  "test_pred_rows": 232,
  "latent_rows_train": 1240,
  "latent_rows_val": 232,
  "latent_rows_test": 233,
  "latent_rows_all": 1705
}