{
  "fold": "fold7",
  "variant": "gating",
  "best_epoch": 27,
  "best_val_total_loss": 1.7451924121741094,
  "test_total_loss": 1.5948061408667729,
  "test_dir_loss": 0.6721190419690363,
  "test_reg_loss": 0.8352268905989055,
  "test_dir_acc": 0.646551724137931,
  "test_reg_acc": 0.6681034482758621,
  "test_num_samples": 232,
  "test_pred_rows": 232,
  "latent_rows_train": 1240,
  "latent_rows_val": 232,
  "latent_rows_test": 233,
  "latent_rows_all": 1705
}