{
  "fold": "fold7",
  "variant": "gating",
  "best_epoch": 74,
  "best_val_total_loss": 0.41108984348577854,
  "test_total_loss": 0.5367547623042402,
  "test_dir_loss": 0.11189635791655245,
  "test_reg_loss": 0.7259808629751205,
  "test_ret_loss": 0.47583889241876276,
  "test_dir_acc": 0.45689655172413796,
  "test_reg_acc": 0.6724137931034483,
  "test_num_samples": 232,
  "test_pred_rows": 232,
  "latent_rows_train": 1240,
  "latent_rows_val": 232,
  "latent_rows_test": 233,
  "latent_rows_all": 1705
}