{
  "fold": "fold6",
  "variant": "gating",
  "best_epoch": 41,
  "best_val_total_loss": 1.4523772904367158,
  "test_total_loss": 2.0876763269498753,
  "test_dir_loss": 0.960705600286785,
  "test_reg_loss": 0.3697666709666096,
  "test_dir_acc": 0.3588516746411483,
  "test_reg_acc": 0.8744588744588745,
  "test_num_samples": 231,
  "dir_label_mode": "vol_threshold",
  "dir_vol_k": 0.25,
  "dir_vol_col": "rolling_vol_20",
  "dir_ignore_index": -1,
  "val_pred_rows": 231,
  "test_pred_rows": 231,
  "val_dir_event_count": 212.0,
  "val_dir_coverage": 0.9177489177489178,
  "val_dir_acc_event": 0.4669811320754717,
  "val_dir_mae_event": 0.5330188679245284,
  "val_dir_up_rate_event": 0.7783018867924528,
  "val_dir_pred_up_rate_event": 0.6320754716981132,
  "val_dir_majority_acc_event": 0.7783018867924528,
  "val_dir_acc_minus_majority_event": -0.3113207547169811,
  "test_dir_event_count": 209.0,
  "test_dir_coverage": 0.9047619047619048,
  "test_dir_acc_event": 0.3588516746411483,
  "test_dir_mae_event": 0.6411483253588517,
  "test_dir_up_rate_event": 0.5980861244019139,
  "test_dir_pred_up_rate_event": 0.3588516746411483,
  "test_dir_majority_acc_event": 0.5980861244019139,
  "test_dir_acc_minus_majority_event": -0.23923444976076558,
  "latent_rows_train": 1239,
  "latent_rows_val": 232,
  "latent_rows_test": 232,
  "latent_rows_all": 1703
}