{
  "fold": "fold4",
  "variant": "gating",
  "best_epoch": 65,
  "best_val_total_loss": 1.8178446950583622,
  "test_total_loss": 1.6057251034111812,
  "test_dir_loss": 0.7189450260228331,
  "test_reg_loss": 0.4754339137981678,
  "test_dir_acc": 0.660377358490566,
  "test_reg_acc": 0.7629310344827587,
  "test_num_samples": 232,
  "dir_label_mode": "vol_threshold",
  "dir_vol_k": 0.75,
  "dir_vol_col": "rolling_vol_20",
  "dir_ignore_index": -1,
  "val_pred_rows": 232,
  "test_pred_rows": 232,
  "val_dir_event_count": 158.0,
  "val_dir_coverage": 0.6810344827586207,
  "val_dir_acc_event": 0.5506329113924051,
  "val_dir_mae_event": 0.44936708860759494,
  "val_dir_up_rate_event": 0.5759493670886076,
  "val_dir_pred_up_rate_event": 0.9746835443037974,
  "val_dir_majority_acc_event": 0.5759493670886076,
  "val_dir_acc_minus_majority_event": -0.025316455696202445,
  "test_dir_event_count": 159.0,
  "test_dir_coverage": 0.6853448275862069,
  "test_dir_acc_event": 0.660377358490566,
  "test_dir_mae_event": 0.33962264150943394,
  "test_dir_up_rate_event": 0.6540880503144654,
  "test_dir_pred_up_rate_event": 0.8553459119496856,
  "test_dir_majority_acc_event": 0.6540880503144654,
  "test_dir_acc_minus_majority_event": 0.0062893081761006275,
  "latent_rows_train": 1239,
  "latent_rows_val": 233,
  "latent_rows_test": 233,
  "latent_rows_all": 1705
}