{
  "fold": "fold7",
  "variant": "gating",
  "best_epoch": 58,
  "best_val_total_loss": 1.704536340453408,
  "test_total_loss": 1.6524957891168266,
  "test_dir_loss": 0.7561200966153826,
  "test_reg_loss": 0.5400751644167406,
  "test_dir_acc": 0.6285714285714286,
  "test_reg_acc": 0.7413793103448276,
  "test_num_samples": 232,
  "dir_label_mode": "vol_threshold",
  "dir_vol_k": 0.75,
  "dir_vol_col": "rolling_vol_20",
  "dir_ignore_index": -1,
  "val_pred_rows": 231,
  "test_pred_rows": 232,
  "val_dir_event_count": 169.0,
  "val_dir_coverage": 0.7316017316017316,
  "val_dir_acc_event": 0.5029585798816568,
  "val_dir_mae_event": 0.4970414201183432,
  "val_dir_up_rate_event": 0.5325443786982249,
  "val_dir_pred_up_rate_event": 0.6035502958579881,
  "val_dir_majority_acc_event": 0.5325443786982249,
  "val_dir_acc_minus_majority_event": -0.029585798816568087,
  "test_dir_event_count": 175.0,
  "test_dir_coverage": 0.7543103448275862,
  "test_dir_acc_event": 0.6285714285714286,
  "test_dir_mae_event": 0.37142857142857144,
  "test_dir_up_rate_event": 0.6857142857142857,
  "test_dir_pred_up_rate_event": 0.8514285714285714,
  "test_dir_majority_acc_event": 0.6857142857142857,
  "test_dir_acc_minus_majority_event": -0.05714285714285716,
  "latent_rows_train": 1240,
  "latent_rows_val": 232,
  "latent_rows_test": 233,
  "latent_rows_all": 1705
}