{
  "fold": "fold2",
  "variant": "gating",
  "best_epoch": 14,
  "best_val_total_loss": 1.5294372336617832,
  "test_total_loss": 1.3060752523356471,
  "test_dir_loss": 0.6098262362144701,
  "test_reg_loss": 0.2860887276715246,
  "test_dir_acc": 0.7587939698492462,
  "test_reg_acc": 0.8620689655172413,
  "test_num_samples": 232,
  "dir_label_mode": "vol_threshold",
  "dir_vol_k": 0.5,
  "dir_vol_col": "rolling_vol_20",
  "dir_ignore_index": -1,
  "val_pred_rows": 232,
  "test_pred_rows": 232,
  "val_dir_event_count": 204.0,
  "val_dir_coverage": 0.8793103448275862,
  "val_dir_acc_event": 0.6323529411764706,
  "val_dir_mae_event": 0.36764705882352944,
  "val_dir_up_rate_event": 0.7990196078431373,
  "val_dir_pred_up_rate_event": 0.7843137254901961,
  "val_dir_majority_acc_event": 0.7990196078431373,
  "val_dir_acc_minus_majority_event": -0.16666666666666674,
  "test_dir_event_count": 199.0,
  "test_dir_coverage": 0.8577586206896551,
  "test_dir_acc_event": 0.7587939698492462,
  "test_dir_mae_event": 0.24120603015075376,
  "test_dir_up_rate_event": 0.7487437185929648,
  "test_dir_pred_up_rate_event": 0.9095477386934674,
  "test_dir_majority_acc_event": 0.7487437185929648,
  "test_dir_acc_minus_majority_event": 0.01005025125628134,
  "latent_rows_train": 1240,
  "latent_rows_val": 233,
  "latent_rows_test": 233,
  "latent_rows_all": 1706
}