{
  "fold": "fold2",
  "variant": "gating",
  "best_epoch": 9,
  "best_val_total_loss": 1.5211641665162712,
  "test_total_loss": 1.5614382398539577,
  "test_dir_loss": 0.7176746234297753,
  "test_reg_loss": 0.35808856322847565,
  "test_dir_acc": 0.6125,
  "test_reg_acc": 0.9181034482758621,
  "test_num_samples": 232,
  "dir_label_mode": "vol_threshold",
  "dir_vol_k": 1.0,
  "dir_vol_col": "rolling_vol_20",
  "dir_ignore_index": -1,
  "val_pred_rows": 232,
  "test_pred_rows": 232,
  "val_dir_event_count": 75.0,
  "val_dir_coverage": 0.3232758620689655,
  "val_dir_acc_event": 0.5866666666666667,
  "val_dir_mae_event": 0.41333333333333333,
  "val_dir_up_rate_event": 0.6666666666666666,
  "val_dir_pred_up_rate_event": 0.84,
  "val_dir_majority_acc_event": 0.6666666666666666,
  "val_dir_acc_minus_majority_event": -0.07999999999999996,
  "test_dir_event_count": 80.0,
  "test_dir_coverage": 0.3448275862068966,
  "test_dir_acc_event": 0.6125,
  "test_dir_mae_event": 0.3875,
  "test_dir_up_rate_event": 0.6,
  "test_dir_pred_up_rate_event": 0.8625,
  "test_dir_majority_acc_event": 0.6,
  "test_dir_acc_minus_majority_event": 0.012500000000000067,
  "latent_rows_train": 1240,
  "latent_rows_val": 233,
  "latent_rows_test": 233,
  "latent_rows_all": 1706
}