{
  "fold": "fold2",
  "variant": "gating",
  "best_epoch": 10,
  "best_val_total_loss": 1.584107201674889,
  "test_total_loss": 1.5470994752028893,
  "test_dir_loss": 0.744235937009778,
  "test_reg_loss": 0.36292281233031176,
  "test_dir_acc": 0.5789473684210527,
  "test_reg_acc": 0.9181034482758621,
  "test_num_samples": 232,
  "dir_label_mode": "vol_threshold",
  "dir_vol_k": 1.25,
  "dir_vol_col": "rolling_vol_20",
  "dir_ignore_index": -1,
  "val_pred_rows": 232,
  "test_pred_rows": 232,
  "val_dir_event_count": 42.0,
  "val_dir_coverage": 0.1810344827586207,
  "val_dir_acc_event": 0.5238095238095238,
  "val_dir_mae_event": 0.47619047619047616,
  "val_dir_up_rate_event": 0.6190476190476191,
  "val_dir_pred_up_rate_event": 0.9047619047619048,
  "val_dir_majority_acc_event": 0.6190476190476191,
  "val_dir_acc_minus_majority_event": -0.09523809523809523,
  "test_dir_event_count": 57.0,
  "test_dir_coverage": 0.24568965517241378,
  "test_dir_acc_event": 0.5789473684210527,
  "test_dir_mae_event": 0.42105263157894735,
  "test_dir_up_rate_event": 0.5614035087719298,
  "test_dir_pred_up_rate_event": 0.8771929824561403,
  "test_dir_majority_acc_event": 0.5614035087719298,
  "test_dir_acc_minus_majority_event": 0.01754385964912286,
  "latent_rows_train": 1240,
  "latent_rows_val": 233,
  "latent_rows_test": 233,
  "latent_rows_all": 1706
}