{
  "fold": "fold5",
  "variant": "gating",
  "best_epoch": 22,
  "best_val_total_loss": 1.6815442710087216,
  "test_total_loss": 1.8977951126181203,
  "test_dir_loss": 0.9132838021848619,
  "test_reg_loss": 0.17915586804672753,
  "test_dir_acc": 0.23711340206185566,
  "test_reg_acc": 0.974025974025974,
  "test_num_samples": 231,
  "dir_label_mode": "vol_threshold",
  "dir_vol_k": 0.75,
  "dir_vol_col": "rolling_vol_20",
  "dir_ignore_index": -1,
  "val_pred_rows": 232,
  "test_pred_rows": 231,
  "val_dir_event_count": 191.0,
  "val_dir_coverage": 0.8232758620689655,
  "val_dir_acc_event": 0.4869109947643979,
  "val_dir_mae_event": 0.5130890052356021,
  "val_dir_up_rate_event": 0.7591623036649214,
  "val_dir_pred_up_rate_event": 0.4031413612565445,
  "val_dir_majority_acc_event": 0.7591623036649214,
  "val_dir_acc_minus_majority_event": -0.2722513089005235,
  "test_dir_event_count": 194.0,
  "test_dir_coverage": 0.8398268398268398,
  "test_dir_acc_event": 0.23711340206185566,
  "test_dir_mae_event": 0.7628865979381443,
  "test_dir_up_rate_event": 0.8402061855670103,
  "test_dir_pred_up_rate_event": 0.07731958762886598,
  "test_dir_majority_acc_event": 0.8402061855670103,
  "test_dir_acc_minus_majority_event": -0.6030927835051547,
  "latent_rows_train": 1239,
  "latent_rows_val": 233,
  "latent_rows_test": 232,
  "latent_rows_all": 1704
}