{
  "fold": "fold8",
  "variant": "gating",
  "best_epoch": 18,
  "best_val_total_loss": 1.7390381889096622,
  "test_total_loss": 3.1515087666718857,
  "test_dir_loss": 1.3513153861550724,
  "test_reg_loss": 1.3369702670885169,
  "test_dir_acc": 0.4411764705882353,
  "test_reg_acc": 0.5652173913043478,
  "test_num_samples": 92,
  "dir_label_mode": "vol_threshold",
  "dir_vol_k": 1.0,
  "dir_vol_col": "rolling_vol_20",
  "dir_ignore_index": -1,
  "val_pred_rows": 232,
  "test_pred_rows": 92,
  "val_dir_event_count": 67.0,
  "val_dir_coverage": 0.28879310344827586,
  "val_dir_acc_event": 0.6417910447761194,
  "val_dir_mae_event": 0.3582089552238806,
  "val_dir_up_rate_event": 0.6567164179104478,
  "val_dir_pred_up_rate_event": 0.9552238805970149,
  "val_dir_majority_acc_event": 0.6567164179104478,
  "val_dir_acc_minus_majority_event": -0.014925373134328401,
  "test_dir_event_count": 34.0,
  "test_dir_coverage": 0.3695652173913043,
  "test_dir_acc_event": 0.4411764705882353,
  "test_dir_mae_event": 0.5588235294117647,
  "test_dir_up_rate_event": 0.4117647058823529,
  "test_dir_pred_up_rate_event": 0.38235294117647056,
  "test_dir_majority_acc_event": 0.5882352941176471,
  "test_dir_acc_minus_majority_event": -0.1470588235294118,
  "latent_rows_train": 1239,
  "latent_rows_val": 233,
  "latent_rows_test": 93,
  "latent_rows_all": 1565
}