{
  "fold": "fold8",
  "variant": "gating",
  "best_epoch": 24,
  "best_val_total_loss": 1.7061020166709506,
  "test_total_loss": 3.0729438325633174,
  "test_dir_loss": 1.32432214290865,
  "test_reg_loss": 1.188859804816868,
  "test_dir_acc": 0.4838709677419355,
  "test_reg_acc": 0.6304347826086957,
  "test_num_samples": 92,
  "dir_label_mode": "vol_threshold",
  "dir_vol_k": 1.0,
  "dir_vol_col": "rolling_vol_20",
  "dir_ignore_index": -1,
  "val_pred_rows": 232,
  "test_pred_rows": 92,
  "val_dir_event_count": 72.0,
  "val_dir_coverage": 0.3103448275862069,
  "val_dir_acc_event": 0.6111111111111112,
  "val_dir_mae_event": 0.3888888888888889,
  "val_dir_up_rate_event": 0.6805555555555556,
  "val_dir_pred_up_rate_event": 0.8472222222222222,
  "val_dir_majority_acc_event": 0.6805555555555556,
  "val_dir_acc_minus_majority_event": -0.06944444444444442,
  "test_dir_event_count": 31.0,
  "test_dir_coverage": 0.33695652173913043,
  "test_dir_acc_event": 0.4838709677419355,
  "test_dir_mae_event": 0.5161290322580645,
  "test_dir_up_rate_event": 0.41935483870967744,
  "test_dir_pred_up_rate_event": 0.2903225806451613,
  "test_dir_majority_acc_event": 0.5806451612903225,
  "test_dir_acc_minus_majority_event": -0.09677419354838701,
  "latent_rows_train": 1239,
  "latent_rows_val": 233,
  "latent_rows_test": 93,
  "latent_rows_all": 1565
}