{
  "fold": "fold1",
  "variant": "gating",
  "best_epoch": 69,
  "best_val_total_loss": 1.5098665289256883,
  "test_total_loss": 1.3419167091106545,
  "test_dir_loss": 0.6433625561850411,
  "test_reg_loss": 0.26499198235828303,
  "test_dir_acc": 0.6457142857142857,
  "test_reg_acc": 0.9051724137931034,
  "test_num_samples": 232,
  "dir_label_mode": "vol_threshold",
  "dir_vol_k": 0.75,
  "dir_vol_col": "rolling_vol_20",
  "dir_ignore_index": -1,
  "val_pred_rows": 230,
  "test_pred_rows": 232,
  "val_dir_event_count": 170.0,
  "val_dir_coverage": 0.7391304347826086,
  "val_dir_acc_event": 0.6411764705882353,
  "val_dir_mae_event": 0.3588235294117647,
  "val_dir_up_rate_event": 0.6235294117647059,
  "val_dir_pred_up_rate_event": 0.711764705882353,
  "val_dir_majority_acc_event": 0.6235294117647059,
  "val_dir_acc_minus_majority_event": 0.01764705882352946,
  "test_dir_event_count": 175.0,
  "test_dir_coverage": 0.7543103448275862,
  "test_dir_acc_event": 0.6457142857142857,
  "test_dir_mae_event": 0.35428571428571426,
  "test_dir_up_rate_event": 0.7257142857142858,
  "test_dir_pred_up_rate_event": 0.8628571428571429,
  "test_dir_majority_acc_event": 0.7257142857142858,
  "test_dir_acc_minus_majority_event": -0.08000000000000007,
  "latent_rows_train": 1241,
  "latent_rows_val": 231,
  "latent_rows_test": 233,
  "latent_rows_all": 1705
}