{
  "fold": "fold3",
  "variant": "no_gating",
  "best_epoch": 91,
  "best_val_total_loss": -0.05297725471057769,
  "test_total_loss": 0.025529526430985022,
  "test_dir_loss": -0.009869170599970323,
  "test_reg_loss": 0.1508928884206147,
  "test_dir_acc": 0.5905172413793104,
  "test_reg_acc": 0.9396551724137931,
  "test_num_samples": 232,
  "test_pred_rows": 232,
  "latent_rows_train": 1239,
  "latent_rows_val": 233,
  "latent_rows_test": 233,
  "latent_rows_all": 1705
}