{
  "fold": "fold3",
  "variant": "no_gating",
  "best_epoch": 62,
  "best_val_total_loss": 1.4194029076346035,
  "test_total_loss": 1.8717782579619309,
  "test_dir_loss": 0.8943806352286503,
  "test_reg_loss": 0.2767232923672117,
  "test_dir_acc": 0.5646551724137931,
  "test_reg_acc": 0.875,
  "test_num_samples": 232,
  "test_pred_rows": 232,
  "latent_rows_train": 1239,
  "latent_rows_val": 233,
  "latent_rows_test": 233,
  "latent_rows_all": 1705
}