{
  "fold": "fold3",
  "variant": "no_gating",
  "best_epoch": 56,
  "best_val_total_loss": 1.3306917116559784,
  "test_total_loss": 1.6552994580104434,
  "test_dir_loss": 0.7816604046986021,
  "test_reg_loss": 0.3065955587502184,
  "test_dir_acc": 0.5689655172413793,
  "test_reg_acc": 0.8706896551724138,
  "test_num_samples": 232,
  "test_pred_rows": 232,
  "latent_rows_train": 1239,
  "latent_rows_val": 233,
  "latent_rows_test": 233,
  "latent_rows_all": 1705
}