{
  "fold": "fold3",
  "variant": "no_gating",
  "best_epoch": 81,
  "best_val_total_loss": 0.7314798790833046,
  "test_total_loss": 0.9353402359732266,
  "test_dir_loss": 1.0728870630264282,
  "test_reg_loss": 0.3138196262820014,
  "test_ret_loss": 0.2835902787488082,
  "test_dir_acc": 0.43103448275862066,
  "test_reg_acc": 0.8663793103448276,
  "test_num_samples": 232,
  "latent_rows_train": 1239,
  "latent_rows_val": 233,
  "latent_rows_test": 233,
  "latent_rows_all": 1705
}