{
  "fold": "fold3",
  "variant": "no_gating",
  "best_epoch": 44,
  "best_val_total_loss": 0.2813546544518964,
  "test_total_loss": 0.34220554499790584,
  "test_dir_loss": 0.10864843376751604,
  "test_reg_loss": 0.18653998601025548,
  "test_ret_loss": 0.34473336051250325,
  "test_dir_acc": 0.5517241379310345,
  "test_reg_acc": 0.9267241379310345,
  "test_num_samples": 232,
  "test_pred_rows": 232,
  "latent_rows_train": 1239,
  "latent_rows_val": 233,
  "latent_rows_test": 233,
  "latent_rows_all": 1705
}