{
  "fold": "fold6",
  "variant": "gating",
  "best_epoch": 92,
  "best_val_total_loss": 0.8250087989873184,
  "test_total_loss": 1.1591025219335185,
  "test_dir_loss": 0.4810204456894945,
  "test_reg_loss": 0.46434383435392534,
  "test_ret_loss": 0.5965374754620837,
  "test_dir_acc": 0.41125541125541126,
  "test_reg_acc": 0.8528138528138528,
  "test_num_samples": 231,
  "test_pred_rows": 231,
  "latent_rows_train": 1239,
  "latent_rows_val": 232,
  "latent_rows_test": 232,
  "latent_rows_all": 1703
}