{
  "fold": "fold6",
  "variant": "gating",
  "best_epoch": 3,
  "best_val_total_loss": 0.3840406938290699,
  "test_total_loss": 0.7619221772982444,
  "test_dir_loss": 0.17278397876720925,
  "test_reg_loss": 1.0504781103237366,
  "test_ret_loss": 0.506053909078821,
  "test_dir_acc": 0.5584415584415584,
  "test_reg_acc": 0.5670995670995671,
  "test_num_samples": 231,
  "test_pred_rows": 231,
  "latent_rows_train": 1239,
  "latent_rows_val": 232,
  "latent_rows_test": 232,
  "latent_rows_all": 1703
}