{
  "fold": "fold6",
  "variant": "gating",
  "best_epoch": 57,
  "best_val_total_loss": 0.05128686542892869,
  "test_total_loss": 0.07825593590671882,
  "test_dir_loss": -0.002964979964933354,
  "test_reg_loss": 0.2806196305162507,
  "test_dir_acc": 0.45021645021645024,
  "test_reg_acc": 0.9004329004329005,
  "test_num_samples": 231,
  "test_pred_rows": 231,
  "latent_rows_train": 1239,
  "latent_rows_val": 232,
  "latent_rows_test": 232,
  "latent_rows_all": 1703
}