{
  "fold": "fold6",
  "variant": "gating",
  "best_epoch": 59,
  "best_val_total_loss": 1.4917384602806785,
  "test_total_loss": 1.8345944953687263,
  "test_dir_loss": 0.8428447029807351,
  "test_reg_loss": 0.49635036540992794,
  "test_dir_acc": 0.4588744588744589,
  "test_reg_acc": 0.8917748917748918,
  "test_num_samples": 231,
  "test_pred_rows": 231,
  "latent_rows_train": 1239,
  "latent_rows_val": 232,
  "latent_rows_test": 232,
  "latent_rows_all": 1703
}