{
  "fold": "fold6",
  "variant": "gating",
  "best_epoch": 30,
  "best_val_total_loss": 0.8643857294862921,
  "test_total_loss": 1.142913683152302,
  "test_dir_loss": 1.0812816939828716,
  "test_reg_loss": 0.4220425725241244,
  "test_ret_loss": 0.60076752163115,
  "test_dir_acc": 0.3939393939393939,
  "test_reg_acc": 0.8658008658008658,
  "test_num_samples": 231,
  "latent_rows_train": 1239,
  "latent_rows_val": 232,
  "latent_rows_test": 232,
  "latent_rows_all": 1703
}