{
  "fold": "fold6",
  "variant": "gating",
  "best_epoch": 33,
  "best_val_total_loss": 1.7493510101780747,
  "test_total_loss": 1.7121956276171135,
  "test_dir_loss": 0.7932701608835361,
  "test_reg_loss": 0.4188510196452791,
  "test_dir_acc": 0.4588744588744589,
  "test_reg_acc": 0.8874458874458875,
  "test_num_samples": 231,
  "test_pred_rows": 231,
  "latent_rows_train": 1239,
  "latent_rows_val": 232,
  "latent_rows_test": 232,
  "latent_rows_all": 1703
}