{
  "fold": "fold2",
  "variant": "gating",
  "best_epoch": 7,
  "best_val_total_loss": 1.3695932750044197,
  "test_total_loss": 1.271945858823842,
  "test_dir_loss": 0.5798002544202303,
  "test_reg_loss": 0.40921567637344886,
  "test_dir_acc": 0.7578947368421053,
  "test_reg_acc": 0.7974137931034483,
  "test_num_samples": 232,
  "dir_label_mode": "vol_threshold",
  "dir_vol_k": 0.75,
  "dir_vol_col": "rolling_vol_20",
  "dir_ignore_index": -1,
  "val_pred_rows": 232,
  "test_pred_rows": 232,
  "val_dir_event_count": 197.0,
  "val_dir_coverage": 0.8491379310344828,
  "val_dir_acc_event": 0.8071065989847716,
  "val_dir_mae_event": 0.19289340101522842,
  "val_dir_up_rate_event": 0.8071065989847716,
  "val_dir_pred_up_rate_event": 1.0,
  "val_dir_majority_acc_event": 0.8071065989847716,
  "val_dir_acc_minus_majority_event": 0.0,
  "test_dir_event_count": 190.0,
  "test_dir_coverage": 0.8189655172413793,
  "test_dir_acc_event": 0.7578947368421053,
  "test_dir_mae_event": 0.24210526315789474,
  "test_dir_up_rate_event": 0.7578947368421053,
  "test_dir_pred_up_rate_event": 1.0,
  "test_dir_majority_acc_event": 0.7578947368421053,
  "test_dir_acc_minus_majority_event": 0.0,
  "latent_rows_train": 1240,
  "latent_rows_val": 233,
  "latent_rows_test": 233,
  "latent_rows_all": 1706
}