{
  "fold": "fold7",
  "variant": "gating",
  "best_epoch": 17,
  "best_val_total_loss": 3.0305221524589507,
  "test_total_loss": 2.26310242918031,
  "test_dir_loss": 0.8080161596121995,
  "test_reg_loss": 1.4254847811213855,
  "test_dir_acc": 0.6956521739130435,
  "test_reg_acc": 0.4353448275862069,
  "test_num_samples": 232,
  "dir_label_mode": "vol_threshold",
  "dir_vol_k": 1.25,
  "dir_vol_col": "rolling_vol_20",
  "dir_ignore_index": -1,
  "val_pred_rows": 231,
  "test_pred_rows": 232,
  "val_dir_event_count": 52.0,
  "val_dir_coverage": 0.22510822510822512,
  "val_dir_acc_event": 0.4230769230769231,
  "val_dir_mae_event": 0.5769230769230769,
  "val_dir_up_rate_event": 0.40384615384615385,
  "val_dir_pred_up_rate_event": 0.9807692307692307,
  "val_dir_majority_acc_event": 0.5961538461538461,
  "val_dir_acc_minus_majority_event": -0.17307692307692307,
  "test_dir_event_count": 46.0,
  "test_dir_coverage": 0.19827586206896552,
  "test_dir_acc_event": 0.6956521739130435,
  "test_dir_mae_event": 0.30434782608695654,
  "test_dir_up_rate_event": 0.6956521739130435,
  "test_dir_pred_up_rate_event": 1.0,
  "test_dir_majority_acc_event": 0.6956521739130435,
  "test_dir_acc_minus_majority_event": 0.0,
  "latent_rows_train": 1240,
  "latent_rows_val": 232,
  "latent_rows_test": 233,
  "latent_rows_all": 1705
}