{
  "fold": "fold1",
  "variant": "gating",
  "best_epoch": 33,
  "best_val_total_loss": 1.9985363048055897,
  "test_total_loss": 1.4467959732844913,
  "test_dir_loss": 0.6885434985160828,
  "test_reg_loss": 0.4606792351295208,
  "test_dir_acc": 0.6428571428571429,
  "test_reg_acc": 0.8491379310344828,
  "test_num_samples": 232,
  "dir_label_mode": "vol_threshold",
  "dir_vol_k": 1.25,
  "dir_vol_col": "rolling_vol_20",
  "dir_ignore_index": -1,
  "val_pred_rows": 230,
  "test_pred_rows": 232,
  "val_dir_event_count": 51.0,
  "val_dir_coverage": 0.2217391304347826,
  "val_dir_acc_event": 0.5098039215686274,
  "val_dir_mae_event": 0.49019607843137253,
  "val_dir_up_rate_event": 0.5098039215686274,
  "val_dir_pred_up_rate_event": 1.0,
  "val_dir_majority_acc_event": 0.5098039215686274,
  "val_dir_acc_minus_majority_event": 0.0,
  "test_dir_event_count": 42.0,
  "test_dir_coverage": 0.1810344827586207,
  "test_dir_acc_event": 0.6428571428571429,
  "test_dir_mae_event": 0.35714285714285715,
  "test_dir_up_rate_event": 0.6190476190476191,
  "test_dir_pred_up_rate_event": 0.9761904761904762,
  "test_dir_majority_acc_event": 0.6190476190476191,
  "test_dir_acc_minus_majority_event": 0.023809523809523836,
  "latent_rows_train": 1241,
  "latent_rows_val": 231,
  "latent_rows_test": 233,
  "latent_rows_all": 1705
}