{
  "fold": "fold6",
  "variant": "gating",
  "best_epoch": 2,
  "best_val_total_loss": 1.3097573087845014,
  "test_total_loss": 2.2428155296292656,
  "test_dir_loss": 0.8036681986772097,
  "test_reg_loss": 2.242545430278365,
  "test_dir_acc": 0.46153846153846156,
  "test_reg_acc": 0.3116883116883117,
  "test_num_samples": 231,
  "dir_label_mode": "vol_threshold",
  "dir_vol_k": 1.25,
  "dir_vol_col": "rolling_vol_20",
  "dir_ignore_index": -1,
  "val_pred_rows": 231,
  "test_pred_rows": 231,
  "val_dir_event_count": 49.0,
  "val_dir_coverage": 0.21212121212121213,
  "val_dir_acc_event": 0.8163265306122449,
  "val_dir_mae_event": 0.1836734693877551,
  "val_dir_up_rate_event": 0.8163265306122449,
  "val_dir_pred_up_rate_event": 1.0,
  "val_dir_majority_acc_event": 0.8163265306122449,
  "val_dir_acc_minus_majority_event": 0.0,
  "test_dir_event_count": 52.0,
  "test_dir_coverage": 0.22510822510822512,
  "test_dir_acc_event": 0.46153846153846156,
  "test_dir_mae_event": 0.5384615384615384,
  "test_dir_up_rate_event": 0.40384615384615385,
  "test_dir_pred_up_rate_event": 0.8269230769230769,
  "test_dir_majority_acc_event": 0.5961538461538461,
  "test_dir_acc_minus_majority_event": -0.13461538461538458,
  "latent_rows_train": 1239,
  "latent_rows_val": 232,
  "latent_rows_test": 232,
  "latent_rows_all": 1703
}