{
  "fold": "fold1",
  "variant": "gating",
  "best_epoch": 23,
  "best_val_total_loss": 1.279015432751697,
  "test_total_loss": 1.291264587435229,
  "test_dir_loss": 0.6041361750925288,
  "test_reg_loss": 0.33615196984389734,
  "test_dir_acc": 0.7990196078431373,
  "test_reg_acc": 0.8922413793103449,
  "test_num_samples": 232,
  "dir_label_mode": "vol_threshold",
  "dir_vol_k": 0.5,
  "dir_vol_col": "rolling_vol_20",
  "dir_ignore_index": -1,
  "val_pred_rows": 230,
  "test_pred_rows": 232,
  "val_dir_event_count": 196.0,
  "val_dir_coverage": 0.8521739130434782,
  "val_dir_acc_event": 0.6377551020408163,
  "val_dir_mae_event": 0.3622448979591837,
  "val_dir_up_rate_event": 0.6224489795918368,
  "val_dir_pred_up_rate_event": 0.9642857142857143,
  "val_dir_majority_acc_event": 0.6224489795918368,
  "val_dir_acc_minus_majority_event": 0.015306122448979553,
  "test_dir_event_count": 204.0,
  "test_dir_coverage": 0.8793103448275862,
  "test_dir_acc_event": 0.7990196078431373,
  "test_dir_mae_event": 0.20098039215686275,
  "test_dir_up_rate_event": 0.7990196078431373,
  "test_dir_pred_up_rate_event": 1.0,
  "test_dir_majority_acc_event": 0.7990196078431373,
  "test_dir_acc_minus_majority_event": 0.0,
  "latent_rows_train": 1241,
  "latent_rows_val": 231,
  "latent_rows_test": 233,
  "latent_rows_all": 1705
}