{
  "fold": "fold1",
  "variant": "no_gating",
  "best_epoch": 69,
  "best_val_total_loss": 1.4144227660220603,
  "test_total_loss": 1.4963296281880345,
  "test_dir_loss": 0.7130825971734935,
  "test_reg_loss": 0.23388133634781016,
  "test_dir_acc": 0.5258620689655172,
  "test_reg_acc": 0.9396551724137931,
  "test_num_samples": 232,
  "test_pred_rows": 232,
  "latent_rows_train": 1241,
  "latent_rows_val": 231,
  "latent_rows_test": 233,
  "latent_rows_all": 1705
}