{
  "fold": "fold1",
  "variant": "no_gating",
  "best_epoch": 83,
  "best_val_total_loss": 1.429920740749525,
  "test_total_loss": 1.3391740486539643,
  "test_dir_loss": 0.6492993913847824,
  "test_reg_loss": 0.13525081939738373,
  "test_dir_acc": 0.5905172413793104,
  "test_reg_acc": 0.9612068965517241,
  "test_num_samples": 232,
  "test_pred_rows": 232,
  "latent_rows_train": 1241,
  "latent_rows_val": 231,
  "latent_rows_test": 233,
  "latent_rows_all": 1705
}