{
  "fold": "fold1",
  "variant": "no_gating",
  "best_epoch": 95,
  "best_val_total_loss": 0.25973497849443683,
  "test_total_loss": 0.24409644048789453,
  "test_dir_loss": 0.0938570573925972,
  "test_reg_loss": 0.07253377923163874,
  "test_ret_loss": 0.17311094752673445,
  "test_dir_acc": 0.5818965517241379,
  "test_reg_acc": 0.9827586206896551,
  "test_num_samples": 232,
  "test_pred_rows": 232,
  "latent_rows_train": 1241,
  "latent_rows_val": 231,
  "latent_rows_test": 233,
  "latent_rows_all": 1705
}