{
  "fold": "fold1",
  "variant": "no_gating",
  "best_epoch": 100,
  "best_val_total_loss": -0.06546120228974715,
  "test_total_loss": -0.07186038971974931,
  "test_dir_loss": -0.043738293750532745,
  "test_reg_loss": 0.05205398680770706,
  "test_dir_acc": 0.5948275862068966,
  "test_reg_acc": 0.9870689655172413,
  "test_num_samples": 232,
  "test_pred_rows": 232,
  "latent_rows_train": 1241,
  "latent_rows_val": 231,
  "latent_rows_test": 233,
  "latent_rows_all": 1705
}