{
  "fold": "fold7",
  "variant": "gating",
  "best_epoch": 33,
  "best_val_total_loss": 1.7371071958954716,
  "test_total_loss": 1.8839694713724071,
  "test_dir_loss": 0.8605569236979043,
  "test_reg_loss": 0.6729711114332594,
  "test_dir_acc": 0.5824742268041238,
  "test_reg_acc": 0.6767241379310345,
  "test_num_samples": 232,
  "dir_label_mode": "vol_threshold",
  "dir_vol_k": 0.75,
  "dir_vol_col": "rolling_vol_20",
  "dir_ignore_index": -1,
  "val_pred_rows": 231,
  "test_pred_rows": 232,
  "val_dir_event_count": 175.0,
  "val_dir_coverage": 0.7575757575757576,
  "val_dir_acc_event": 0.5542857142857143,
  "val_dir_mae_event": 0.44571428571428573,
  "val_dir_up_rate_event": 0.5885714285714285,
  "val_dir_pred_up_rate_event": 0.7028571428571428,
  "val_dir_majority_acc_event": 0.5885714285714285,
  "val_dir_acc_minus_majority_event": -0.03428571428571425,
  "test_dir_event_count": 194.0,
  "test_dir_coverage": 0.8362068965517241,
  "test_dir_acc_event": 0.5824742268041238,
  "test_dir_mae_event": 0.4175257731958763,
  "test_dir_up_rate_event": 0.7525773195876289,
  "test_dir_pred_up_rate_event": 0.7474226804123711,
  "test_dir_majority_acc_event": 0.7525773195876289,
  "test_dir_acc_minus_majority_event": -0.1701030927835051,
  "latent_rows_train": 1240,
  "latent_rows_val": 232,
  "latent_rows_test": 233,
  "latent_rows_all": 1705
}