{
  "fold": "fold5",
  "variant": "gating",
  "best_epoch": 66,
  "best_val_total_loss": 1.537391600937679,
  "test_total_loss": 1.9271004674754617,
  "test_dir_loss": 0.9494633155484353,
  "test_reg_loss": 0.11538663316211659,
  "test_dir_acc": 0.2849462365591398,
  "test_reg_acc": 0.987012987012987,
  "test_num_samples": 231,
  "dir_label_mode": "vol_threshold",
  "dir_vol_k": 0.5,
  "dir_vol_col": "rolling_vol_20",
  "dir_ignore_index": -1,
  "val_pred_rows": 232,
  "test_pred_rows": 231,
  "val_dir_event_count": 184.0,
  "val_dir_coverage": 0.7931034482758621,
  "val_dir_acc_event": 0.5706521739130435,
  "val_dir_mae_event": 0.42934782608695654,
  "val_dir_up_rate_event": 0.6467391304347826,
  "val_dir_pred_up_rate_event": 0.391304347826087,
  "val_dir_majority_acc_event": 0.6467391304347826,
  "val_dir_acc_minus_majority_event": -0.07608695652173914,
  "test_dir_event_count": 186.0,
  "test_dir_coverage": 0.8051948051948052,
  "test_dir_acc_event": 0.2849462365591398,
  "test_dir_mae_event": 0.7150537634408602,
  "test_dir_up_rate_event": 0.7419354838709677,
  "test_dir_pred_up_rate_event": 0.03763440860215054,
  "test_dir_majority_acc_event": 0.7419354838709677,
  "test_dir_acc_minus_majority_event": -0.45698924731182794,
  "latent_rows_train": 1239,
  "latent_rows_val": 233,
  "latent_rows_test": 232,
  "latent_rows_all": 1704
}