{
  "fold": "fold7",
  "variant": "gating",
  "best_epoch": 8,
  "best_val_total_loss": 2.8628079633176067,
  "test_total_loss": 1.9836170293133835,
  "test_dir_loss": 0.7556400562542073,
  "test_reg_loss": 1.5827818754418144,
  "test_dir_acc": 0.6521739130434783,
  "test_reg_acc": 0.38362068965517243,
  "test_num_samples": 232,
  "dir_label_mode": "vol_threshold",
  "dir_vol_k": 1.0,
  "dir_vol_col": "rolling_vol_20",
  "dir_ignore_index": -1,
  "val_pred_rows": 231,
  "test_pred_rows": 232,
  "val_dir_event_count": 76.0,
  "val_dir_coverage": 0.329004329004329,
  "val_dir_acc_event": 0.4473684210526316,
  "val_dir_mae_event": 0.5526315789473685,
  "val_dir_up_rate_event": 0.4473684210526316,
  "val_dir_pred_up_rate_event": 1.0,
  "val_dir_majority_acc_event": 0.5526315789473684,
  "val_dir_acc_minus_majority_event": -0.10526315789473678,
  "test_dir_event_count": 69.0,
  "test_dir_coverage": 0.2974137931034483,
  "test_dir_acc_event": 0.6521739130434783,
  "test_dir_mae_event": 0.34782608695652173,
  "test_dir_up_rate_event": 0.6521739130434783,
  "test_dir_pred_up_rate_event": 1.0,
  "test_dir_majority_acc_event": 0.6521739130434783,
  "test_dir_acc_minus_majority_event": 0.0,
  "latent_rows_train": 1240,
  "latent_rows_val": 232,
  "latent_rows_test": 233,
  "latent_rows_all": 1705
}