strategy,total_return,annualized_return,annualized_volatility,sharpe_ratio,sortino_ratio,calmar_ratio,max_drawdown,turnover,annualized_turnover,average_holding_time_days
buy_hold,1.0031316764189238,0.1070781128659914,0.1760852727607003,0.6081037396665789,0.6904732815999463,0.3139683552004408,-0.3410474689324394,,,
momentum_126,0.4512123510717143,0.0560432346470187,0.1218502468081045,0.4599353396081199,0.4761802754959793,0.25770825665534,-0.2174677496731166,,,
transformer_tdqn_stitched,0.0293181058088032,0.0042401847933677,0.1644821357365355,0.0257789988826482,0.0327750449046267,0.0111936734454253,-0.3788019021673903,149.27578165512094,21.85792967872776,21.72972972972973
