{
  "fold": "fold7",
  "variant": "gating",
  "best_epoch": 28,
  "best_val_total_loss": 2.148152254360579,
  "test_total_loss": 2.410741364133769,
  "test_dir_loss": 1.1272497634956802,
  "test_reg_loss": 0.8708910947215969,
  "test_dir_acc": 0.2995169082125604,
  "test_reg_acc": 0.6077586206896551,
  "test_num_samples": 232,
  "dir_label_mode": "vol_threshold",
  "dir_vol_k": 0.25,
  "dir_vol_col": "rolling_vol_20",
  "dir_ignore_index": -1,
  "val_pred_rows": 231,
  "test_pred_rows": 232,
  "val_dir_event_count": 205.0,
  "val_dir_coverage": 0.8874458874458875,
  "val_dir_acc_event": 0.5609756097560976,
  "val_dir_mae_event": 0.43902439024390244,
  "val_dir_up_rate_event": 0.6146341463414634,
  "val_dir_pred_up_rate_event": 0.8195121951219512,
  "val_dir_majority_acc_event": 0.6146341463414634,
  "val_dir_acc_minus_majority_event": -0.05365853658536579,
  "test_dir_event_count": 207.0,
  "test_dir_coverage": 0.8922413793103449,
  "test_dir_acc_event": 0.2995169082125604,
  "test_dir_mae_event": 0.7004830917874396,
  "test_dir_up_rate_event": 0.7536231884057971,
  "test_dir_pred_up_rate_event": 0.46859903381642515,
  "test_dir_majority_acc_event": 0.7536231884057971,
  "test_dir_acc_minus_majority_event": -0.45410628019323673,
  "latent_rows_train": 1240,
  "latent_rows_val": 232,
  "latent_rows_test": 233,
  "latent_rows_all": 1705
}