{
  "fold": "fold4",
  "variant": "gating",
  "best_epoch": 43,
  "best_val_total_loss": 0.6513039510825585,
  "test_total_loss": 1.3586010932922363,
  "test_dir_loss": 0.8687769729982723,
  "test_reg_loss": 0.8660699016061323,
  "test_dir_acc": 0.7272727272727273,
  "test_reg_acc": 0.6293103448275862,
  "test_num_samples": 232,
  "dir_label_mode": "vol_threshold",
  "dir_vol_k": 1.5,
  "dir_vol_col": "rolling_vol_20",
  "dir_ignore_index": -1,
  "val_pred_rows": 232,
  "test_pred_rows": 232,
  "val_dir_event_count": 22.0,
  "val_dir_coverage": 0.09482758620689655,
  "val_dir_acc_event": 0.9545454545454546,
  "val_dir_mae_event": 0.045454545454545456,
  "val_dir_up_rate_event": 0.22727272727272727,
  "val_dir_pred_up_rate_event": 0.2727272727272727,
  "val_dir_majority_acc_event": 0.7727272727272727,
  "val_dir_acc_minus_majority_event": 0.18181818181818188,
  "test_dir_event_count": 22.0,
  "test_dir_coverage": 0.09482758620689655,
  "test_dir_acc_event": 0.7272727272727273,
  "test_dir_mae_event": 0.2727272727272727,
  "test_dir_up_rate_event": 0.5454545454545454,
  "test_dir_pred_up_rate_event": 0.2727272727272727,
  "test_dir_majority_acc_event": 0.5454545454545454,
  "test_dir_acc_minus_majority_event": 0.18181818181818188,
  "latent_rows_train": 1239,
  "latent_rows_val": 233,
  "latent_rows_test": 233,
  "latent_rows_all": 1705
}