{
  "fold": "fold4",
  "variant": "no_sentiment",
  "best_epoch": 42,
  "best_val_total_loss": 1.2621349712897991,
  "test_total_loss": 1.1865587316710373,
  "test_dir_loss": 0.48001724173282756,
  "test_reg_loss": 0.36313299526428355,
  "test_ret_loss": 0.23516870418499256,
  "test_dir_acc": 0.4224137931034483,
  "test_reg_acc": 0.8318965517241379,
  "test_num_samples": 232,
  "test_pred_rows": 232,
  "latent_rows_train": 1239,
  "latent_rows_val": 233,
  "latent_rows_test": 233,
  "latent_rows_all": 1705
}