{
  "fold": "fold4",
  "variant": "no_sentiment",
  "best_epoch": 50,
  "best_val_total_loss": 1.5483975163821517,
  "test_total_loss": 1.47532018710827,
  "test_dir_loss": 0.676650910541929,
  "test_reg_loss": 0.4067280151206872,
  "test_dir_acc": 0.7025862068965517,
  "test_reg_acc": 0.7931034482758621,
  "test_num_samples": 232,
  "test_pred_rows": 232,
  "latent_rows_train": 1239,
  "latent_rows_val": 233,
  "latent_rows_test": 233,
  "latent_rows_all": 1705
}