{
  "fold": "fold4",
  "variant": "no_sentiment",
  "best_epoch": 77,
  "best_val_total_loss": 1.7703249865564807,
  "test_total_loss": 1.6432675986454404,
  "test_dir_loss": 0.7714178027777836,
  "test_reg_loss": 0.3347733724733879,
  "test_dir_acc": 0.6594827586206896,
  "test_reg_acc": 0.8706896551724138,
  "test_num_samples": 232,
  "test_pred_rows": 232,
  "latent_rows_train": 1239,
  "latent_rows_val": 233,
  "latent_rows_test": 233,
  "latent_rows_all": 1705
}