{
  "fold": "fold4",
  "variant": "no_sentiment",
  "best_epoch": 69,
  "best_val_total_loss": -0.01298538229331888,
  "test_total_loss": -0.011038813868473316,
  "test_dir_loss": -0.04077268468922582,
  "test_reg_loss": 0.23502184290053516,
  "test_dir_acc": 0.6767241379310345,
  "test_reg_acc": 0.8879310344827587,
  "test_num_samples": 232,
  "test_pred_rows": 232,
  "latent_rows_train": 1239,
  "latent_rows_val": 233,
  "latent_rows_test": 233,
  "latent_rows_all": 1705
}