{
  "fold": "fold3",
  "variant": "gating",
  "best_epoch": 18,
  "best_val_total_loss": 1.4358653035657158,
  "test_total_loss": 1.5110735071116481,
  "test_dir_loss": 0.6455407202243805,
  "test_reg_loss": 0.8090166593420094,
  "test_dir_acc": 0.5333333333333333,
  "test_reg_acc": 0.6724137931034483,
  "test_num_samples": 232,
  "dir_label_mode": "vol_threshold",
  "dir_vol_k": 1.25,
  "dir_vol_col": "rolling_vol_20",
  "dir_ignore_index": -1,
  "val_pred_rows": 232,
  "test_pred_rows": 232,
  "val_dir_event_count": 60.0,
  "val_dir_coverage": 0.25862068965517243,
  "val_dir_acc_event": 0.43333333333333335,
  "val_dir_mae_event": 0.5666666666666667,
  "val_dir_up_rate_event": 0.5166666666666667,
  "val_dir_pred_up_rate_event": 0.8166666666666667,
  "val_dir_majority_acc_event": 0.5166666666666667,
  "val_dir_acc_minus_majority_event": -0.08333333333333337,
  "test_dir_event_count": 30.0,
  "test_dir_coverage": 0.12931034482758622,
  "test_dir_acc_event": 0.5333333333333333,
  "test_dir_mae_event": 0.4666666666666667,
  "test_dir_up_rate_event": 0.36666666666666664,
  "test_dir_pred_up_rate_event": 0.8333333333333334,
  "test_dir_majority_acc_event": 0.6333333333333333,
  "test_dir_acc_minus_majority_event": -0.09999999999999998,
  "latent_rows_train": 1239,
  "latent_rows_val": 233,
  "latent_rows_test": 233,
  "latent_rows_all": 1705
}