{
  "fold": "fold8",
  "variant": "gating",
  "best_epoch": 10,
  "best_val_total_loss": 1.4712594151496887,
  "test_total_loss": 1.7515091066775115,
  "test_dir_loss": 0.8477176472322264,
  "test_reg_loss": 0.9162805417309636,
  "test_dir_acc": 0.3880597014925373,
  "test_reg_acc": 0.75,
  "test_num_samples": 92,
  "dir_label_mode": "vol_threshold",
  "dir_vol_k": 0.75,
  "dir_vol_col": "rolling_vol_20",
  "dir_ignore_index": -1,
  "val_pred_rows": 232,
  "test_pred_rows": 92,
  "val_dir_event_count": 198.0,
  "val_dir_coverage": 0.853448275862069,
  "val_dir_acc_event": 0.7575757575757576,
  "val_dir_mae_event": 0.24242424242424243,
  "val_dir_up_rate_event": 0.7575757575757576,
  "val_dir_pred_up_rate_event": 1.0,
  "val_dir_majority_acc_event": 0.7575757575757576,
  "val_dir_acc_minus_majority_event": 0.0,
  "test_dir_event_count": 67.0,
  "test_dir_coverage": 0.7282608695652174,
  "test_dir_acc_event": 0.3880597014925373,
  "test_dir_mae_event": 0.6119402985074627,
  "test_dir_up_rate_event": 0.582089552238806,
  "test_dir_pred_up_rate_event": 0.6865671641791045,
  "test_dir_majority_acc_event": 0.582089552238806,
  "test_dir_acc_minus_majority_event": -0.19402985074626866,
  "latent_rows_train": 1239,
  "latent_rows_val": 233,
  "latent_rows_test": 93,
  "latent_rows_all": 1565
}