{
  "fold": "fold4",
  "variant": "gating",
  "best_epoch": 50,
  "best_val_total_loss": 1.275780595582107,
  "test_total_loss": 1.5751320616952305,
  "test_dir_loss": 0.6765525766781398,
  "test_reg_loss": 0.8406039979951135,
  "test_dir_acc": 0.5428571428571428,
  "test_reg_acc": 0.6724137931034483,
  "test_num_samples": 232,
  "dir_label_mode": "vol_threshold",
  "dir_vol_k": 1.25,
  "dir_vol_col": "rolling_vol_20",
  "dir_ignore_index": -1,
  "val_pred_rows": 232,
  "test_pred_rows": 232,
  "val_dir_event_count": 30.0,
  "val_dir_coverage": 0.12931034482758622,
  "val_dir_acc_event": 0.8333333333333334,
  "val_dir_mae_event": 0.16666666666666666,
  "val_dir_up_rate_event": 0.36666666666666664,
  "val_dir_pred_up_rate_event": 0.4666666666666667,
  "val_dir_majority_acc_event": 0.6333333333333333,
  "val_dir_acc_minus_majority_event": 0.20000000000000007,
  "test_dir_event_count": 35.0,
  "test_dir_coverage": 0.15086206896551724,
  "test_dir_acc_event": 0.5428571428571428,
  "test_dir_mae_event": 0.45714285714285713,
  "test_dir_up_rate_event": 0.6571428571428571,
  "test_dir_pred_up_rate_event": 0.37142857142857144,
  "test_dir_majority_acc_event": 0.6571428571428571,
  "test_dir_acc_minus_majority_event": -0.11428571428571432,
  "latent_rows_train": 1239,
  "latent_rows_val": 233,
  "latent_rows_test": 233,
  "latent_rows_all": 1705
}